domain,price,description,for_sale,personal_store,auto_renew,tags,unicode,descript-IDNA,translate-IDNA
xn--26hwd1683fba,1,,True,True,True,PUNY_ALT,♻️⚛️,,
xn--6biz918m1uabaa,5,,True,True,True,PUNY_IDNA,🐦✋🐦🐦🌳,,
dialecticalmaterialism,7,,True,True,True,,,,
timofeji,9,,True,True,True,,,,
anonone,999,,True,True,True,,,,
xn--9g8hit,10,,True,True,True,PUNY_IDNA,🌝👑,,
1011970,10,,True,True,True,,,,
hashrunes,10,,True,True,True,,,,
10170,10,,True,True,True,6D,,,
xn--h4h2510o,10,,True,True,True,PUNY_IDNA,☠👑,,
xn--4qsveow,11,Jiang DaDaSheng,True,True,True,"PUNY_IDNA,CJK",姜大声,Chinese/Japanese/Korean,Jiang DaDaSheng
xn--x8t30ksr4c,11,Feng Wuyuan,True,True,True,"PUNY_IDNA,CJK",风无怨,Chinese/Japanese/Korean,Feng Wuyuan
xn--tfr361du9f,11,Shen Liman,True,True,True,"PUNY_IDNA,CJK",沈力男,Chinese/Japanese/Korean,Shen Liman
focillate,11,IT 'focus | Latin 'mobilize',True,True,True,,,,
centones,11,,True,True,True,,,,
bogearth,11,,True,True,True,,,,
deosculate,11,to kiss affectionately,True,True,True,,,,
sadguide,11,,True,True,True,,,,
dadstrain,11,,True,True,True,,,,
dadworry,11,,True,True,True,,,,
mompolicy,11,,True,True,True,,,,
lowlust,11,,True,True,True,,,,
momdear,11,,True,True,True,,,,
lowrage,11,,True,True,True,,,,
itchfor,11,,True,True,True,,,,
muggleworld,11,,True,True,True,,,,
footdragon,11,,True,True,True,,,,
dragonpair,11,,True,True,True,,,,
dragonfoot,11,,True,True,True,,,,
bluetoothearrings,11,,True,True,True,,,,
headrhyme,11,,True,True,True,,,,
amazingpoetry,11,,True,True,True,,,,
bikehazard,11,,True,True,True,,,,
fiddypence,11,,True,True,True,,,,
rugminter,11,,True,True,True,,,,
goodyearmaps,,,False,False,True,,,,
unh-unh,11,,True,True,True,,,,
inacura,11,,True,True,True,,,,
feedlet,11,,True,True,True,,,,
confuciuss,11,,True,True,True,,,,
longfunny,11,,True,True,True,,,,
thunder-god,11,,True,True,True,,,,
asianextension,11,,True,True,True,,,,
thiscanbeseen,11,,True,True,True,,,,
alienfistbump,11,,True,True,True,,,,
unicornsnot,11,,True,True,True,,,,
arewehere,11,,True,True,True,,,,
gasparks,11,,True,True,True,,,,
gashort,11,,True,True,True,,,,
gashepherd,11,,True,True,True,,,,
gasavage,11,,True,True,True,,,,
gasellers,11,,True,True,True,,,,
ox-eye,11,,True,True,True,,,,
omejie,11,mis-spelling of 'emojie',True,True,True,,,,
tellsus,11,,True,True,True,,,,
tindwari,11,A Northern Indian town and a nagar panchayat (area transitioning from rural to urban) in Banda district in the state of Uttar Pradesh.,True,True,True,,,,
sucy-en-brie,11,https://en.wikipedia.org/wiki/Sucy-en-Brie,True,True,True,,,,
nuevovigia,11,"Panama, Central America",True,True,True,,,,
surfpismo,11,,True,True,True,,,,
nuevoguarare,11,"Panama, Central America",True,True,True,,,,
tufanganj,11,An Eastern Indian city and a municipality of Cooch Behar district in the state of West Bengal.,True,True,True,,,,
acciontrabajo,11,ES action work,True,True,True,,,,
starttravel,,,False,False,True,,,,
silkcotton,11,,True,True,True,,,,
arealmaps,11,,True,True,True,,,,
firstcaribbean,11,,True,True,True,,,,
friendlyfellow,11,,True,True,True,,,,
createyourhappy,11,,True,True,True,,,,
inmatesontheweb,11,,True,True,True,,,,
gulfwartimeline,11,,True,True,True,,,,
electricwelding,11,,True,True,True,,,,
hiddenbookshelf,11,,True,True,True,,,,
autospecialties,11,,True,True,True,,,,
blankbackground,11,,True,True,True,,,,
fightingchairs,11,,True,True,True,,,,
christmasraffle,11,,True,True,True,,,,
bestsoundtrack,11,,True,True,True,,,,
enjoythemoments,11,,True,True,True,,,,
lemonfa,11,,True,True,True,,,,
zledgehog,11,,True,True,True,,,,
greymobile,11,,True,True,True,,,,
barnaclebob,11,"An octopus from the Freddi Fish series; he always says everything in rhyme.... OR .... A celebrity living among a group of people, unknown.",True,True,True,,,,
boggyplain,11,,True,True,True,,,,
facebookhelp,11,,True,True,True,,,,
ambonga,11,,True,True,True,,,,
charababil,11,"village in Raipur, India",True,True,True,,,,
spacecraft-shop,11,,True,True,True,,,,
respondwell,11,,True,True,True,,,,
comunidadrodeo,11,ES community rodeo,True,True,True,,,,
tipure,11,,True,True,True,,,,
timarci,11,"located in Bosnia and Herzegovina about 102 mi (or 163 km) north-west of Sarajevo, the country's capital",True,True,True,,,,
meetblockchain,11,,True,True,True,,,,
arroiodaseca,11,PT stream-drought,True,True,True,,,,
pervici,11,perv is he',True,True,True,,,,
arrieiro,11,Galician carrier,True,True,True,,,,
dellage,11,,True,True,True,,,,
smilesdebit,11,,True,True,True,,,,
pharmapurse,11,,True,True,True,,,,
coindav,11,,True,True,True,,,,
digitaldoza,11,,True,True,True,,,,
damerchar,11,,True,True,True,,,,
buzinanbi,11,PT 'horn horn',True,True,True,,,,
exportsy,11,,True,True,True,,,,
temptio,11,,True,True,True,,,,
stalkia,11,,True,True,True,,,,
hitcharide,11,,True,True,True,,,,
wikimonks,11,,True,True,True,,,,
nft169,11,,True,True,True,,,,
mylookout,11,,True,True,True,,,,
utkur,11,,True,True,True,5L,,,
devle,11,,True,True,True,5L,,,
fauzen,11,,True,True,True,,,,
dipha,11,,True,True,True,5L,,,
atimise,11,,True,True,True,,,,
tardan,11,,True,True,True,,,,
daouia,11,,True,True,True,,,,
blood-sausage,11,,True,True,True,,,,
amwongg,11,,True,True,True,,,,
egerritzen,11,,True,True,True,,,,
hahaquan,11,,True,True,True,,,,
awesomemaxim,11,,True,True,True,,,,
contagiousabortion,11,,True,True,True,,,,
beltandroadinitiative,11,,True,True,True,,,,
19700101,11,,True,True,True,,,,
badkarma,11,,True,True,True,,,,
goodkarma,11,,True,True,True,,,,
xn--2p8h3c,11,,True,True,True,PUNY_IDNA,💀👑,,
xn--5p9hga,11,,True,True,True,PUNY_IDNA,🤝🤠,,
xn--e77hiby7p,11,,True,True,True,PUNY_IDNA,🇦🇺🖕,,
fuhren,11,,True,True,True,,,,
goldenen,11,,True,True,True,,,,
addresso,11,,True,True,True,,,,
karmabet,11,,True,True,True,,,,
xn--2p8h4c,11,,True,True,True,PUNY_IDNA,👑💀,,
uri30,15,"Uniform Resource Identifier | URI-30 Bladder control,Stops Urges,Frequent Urination,Homeopathic Pills.Urinary Incontinence",True,True,True,5C,,,
takestan,20,"Siadehan or Siaden, aka Takestan, is a city and capital of Takestan County, in Qazvin Province, Iran; literally means vineyard"".""",True,True,True,,,,
noob21,21,,True,True,True,,,,
hetviswater,22,Dutch 'the fishing water',True,True,True,,,,
hetvischwater,22,Dutch 'the fishing water',True,True,True,,,,
darknet22,22,,True,True,True,,,,
noob22,22,,True,True,True,,,,
xn--cz8ha61y,22,,True,True,True,PUNY_IDNA,🖕🤚🖕,,
xn--cz8ha914a,22,,True,True,True,PUNY_IDNA,🖕🧣🖕,,
xn--ai-on6cx8l,22,ai domain name,True,True,True,"PUNY_IDNA,CJK",ai域名,Chinese/Japanese/Korean,ai domain name
xn--ipad-kt5fz95h,22,second hand ipad,True,True,True,"PUNY_IDNA,CJK",二手ipad,Chinese/Japanese/Korean,second hand ipad
xn--4kqw3e63mcrc,22,Second Public Security Division,True,True,True,"PUNY_IDNA,CJK",公安二师,Chinese/Japanese/Korean,Second Public Security Division
xn--5suv74k,22,,True,True,True,"PUNY_IDNA,CJK",拉麵,Chinese/Japanese/Korean,拉麵
xn--zz-dh3c,22,Ren zz,True,True,True,"PUNY_IDNA,CJK",任zz,Chinese/Japanese/Korean,Ren zz
xn--ihqur60ar5y,22,I don’t believe it today,True,True,True,"PUNY_IDNA,CJK",今天不信,Chinese/Japanese/Korean,I don’t believe it today
xn--fiq23l18g,22,Anka middle school,True,True,True,"PUNY_IDNA,CJK",安可中,Chinese/Japanese/Korean,Anka middle school
xn--69qa8270d,22,Long Ao Ao,True,True,True,"PUNY_IDNA,CJK",龙凹凹,Chinese/Japanese/Korean,Long Ao Ao
xn--3bs63j2w3c,22,Group class,True,True,True,"PUNY_IDNA,CJK",团小课,Chinese/Japanese/Korean,Group class
xn--dvso25e,22,Wanqi,True,True,True,"PUNY_IDNA,CJK",妄祁,Chinese/Japanese/Korean,Wanqi
xn--uxqy9saa,22,,True,True,True,"PUNY_IDNA,CJK",大大大偉,Chinese/Japanese/Korean,大大大偉
xn--p5t330d,22,DeTao,True,True,True,"PUNY_IDNA,CJK",德稻,Chinese/Japanese/Korean,DeTao
xn--fiq92vjza28m9wtsyo,22,civilians in heaven,True,True,True,"PUNY_IDNA,CJK",天堂中的平民,Chinese/Japanese/Korean,civilians in heaven
inorderto,22,,True,True,True,,,,
medibazaar,22,,True,True,True,,,,
badneck,22,,True,True,True,,,,
twoboss,22,,True,True,True,,,,
fatalcohol,22,fatal alcohol | fat alcohol,True,True,True,,,,
sirgas,22,,True,True,True,,,,
momhost,22,,True,True,True,,,,
dadsell,22,,True,True,True,,,,
dayperson,22,,True,True,True,,,,
adatao,22,,True,True,True,,,,
shakendip,22,,True,True,True,,,,
foodreactions,22,,True,True,True,,,,
gynecomania,22,Extreme sexual desire in the male; a compulsive desire for female sex partners,True,True,True,,,,
waytask,22,,True,True,True,,,,
twoloan,22,,True,True,True,,,,
sirwish,22,,True,True,True,,,,
yearnto,22,,True,True,True,,,,
salutoria,22,IT 'salutary',True,True,True,,,,
lustfor,22,,True,True,True,,,,
alwayslost,22,,True,True,True,,,,
mybrokensea,22,,True,True,True,,,,
tastetomint,22,,True,True,True,,,,
baba-jaga,22,,True,True,True,,,,
divvied,22,,True,True,True,,,,
mikredki,22,,True,True,True,,,,
hyphenstudio,22,,True,True,True,,,,
doubleorquits,22,,True,True,True,,,,
childoriented,22,,True,True,True,,,,
kungfunecktie,22,,True,True,True,,,,
touchass,22,,True,True,True,,,,
panprog,22,,True,True,True,,,,
bromised,22,bro promise[d],True,True,True,,,,
desalinated,22,,True,True,True,,,,
pterophorid,22,"tiny plume moths, a family of Lepidoptera with unusually modified wings",True,True,True,,,,
misseat,22,miss-eat \ miss-seat,True,True,True,,,,
rantize,22,,True,True,True,,,,
geeksquare,22,,True,True,True,,,,
gymaesthetics,22,,True,True,True,,,,
snowboardhire,22,,True,True,True,,,,
afrostudio,22,,True,True,True,,,,
sitalone,22,,True,True,True,,,,
amemelord,22,,True,True,True,,,,
marspaceship,22,,True,True,True,,,,
busyguru,22,,True,True,True,,,,
insertdate,22,,True,True,True,,,,
ebay-nft,22,,True,True,True,,,,
apesmint,22,,True,True,True,,,,
friendlyname,22,,True,True,True,,,,
setcamera,22,,True,True,True,,,,
guccihat,22,,True,True,True,,,,
smash-the-bat,22,,True,True,True,,,,
shamcenter,22,,True,True,True,,,,
knightstalker,22,,True,True,True,,,,
burnparty,22,,True,True,True,,,,
feeldumb,22,,True,True,True,,,,
vextreme,22,,True,True,True,,,,
deadhead420,22,,True,True,True,,,,
understars,,,False,False,True,,,,
dreamwalking,22,,True,True,True,,,,
happydecay,22,,True,True,True,,,,
pensexpert,22,,True,True,True,,,,
sagepunk,22,,True,True,True,,,,
king-of-shit,22,,True,True,True,,,,
energy-up,22,,True,True,True,,,,
unosquare,22,,True,True,True,,,,
justsun,22,,True,True,True,,,,
losttoys,22,,True,True,True,,,,
retiredguy,22,,True,True,True,,,,
flashmatrix,22,,True,True,True,,,,
agemoon,22,,True,True,True,,,,
smokedaddy,22,,True,True,True,,,,
awetastic,22,,True,True,True,,,,
mojidad,22,,True,True,True,,,,
oneillusa,22,,True,True,True,,,,
lightyear0,22,,True,True,True,,,,
bluetrips,22,,True,True,True,,,,
uniquecapital,22,,True,True,True,,,,
elvesonline,22,,True,True,True,,,,
nationbase,22,,True,True,True,,,,
7two7,22,,True,True,True,5C,,,
dirtyphonics,22,,True,True,True,,,,
696-696,22,,True,True,True,,,,
thingtrade,22,,True,True,True,,,,
walkwin,,,False,False,True,,,,
pop-it,22,,True,True,True,,,,
usertrade,22,,True,True,True,,,,
flowlist,22,,True,True,True,,,,
clockpot,22,,True,True,True,,,,
mailfun,22,,True,True,True,,,,
windhide,22,,True,True,True,,,,
proofwin,22,,True,True,True,,,,
mailmenu,22,,True,True,True,,,,
worldbirth,22,,True,True,True,,,,
nytrucks,22,,True,True,True,,,,
tiemekangaroodown,22,,True,True,True,,,,
reunionnft,22,,True,True,True,,,,
unmoated,22,,True,True,True,,,,
shopreturn,22,,True,True,True,,,,
slogwood,22,,True,True,True,,,,
ridedragon,22,,True,True,True,,,,
returnbest,22,,True,True,True,,,,
slangular,22,,True,True,True,,,,
whackedout,22,,True,True,True,,,,
duediamond,22,,True,True,True,,,,
drawrein,22,,True,True,True,,,,
dragontalk,22,,True,True,True,,,,
dragontell,22,,True,True,True,,,,
horseroad,22,,True,True,True,,,,
peacemaxi,22,,True,True,True,,,,
devilbirth,22,,True,True,True,,,,
yellowrisk,22,,True,True,True,,,,
mapsmobile,22,,True,True,True,,,,
stirpiculturist,22,One who devotes themself to the improvement of the breed or stock in animals,True,True,True,,,,
yz01,22,,True,True,True,4C,,,
mixwriter,22,,True,True,True,,,,
transvests,22,,True,True,True,,,,
regularira,22,PT 'regular' | ES 'regularize',True,True,True,,,,
amibisexual,22,,True,True,True,,,,
cheapeat,22,,True,True,True,,,,
apologyvideo,22,,True,True,True,,,,
amemesia,22,"A disorder, where in which a person sends a meme to the same person again, or to whom initially showed them the same meme",True,True,True,,,,
assassassin,22,,True,True,True,,,,
stonerplay,22,,True,True,True,,,,
mapready,22,,True,True,True,,,,
runtofthelitter,22,,True,True,True,,,,
plurali,22,,True,True,True,,,,
avogadrian,22,,True,True,True,,,,
painsomnia,22,,True,True,True,,,,
ww2gear,22,,True,True,True,,,,
supersquid,22,,True,True,True,,,,
fidgetpad,22,,True,True,True,,,,
clothmask,22,,True,True,True,,,,
parysh,22,[parish],True,True,True,,,,
dimtsje,22,,True,True,True,,,,
mexicanpinatas,22,,True,True,True,,,,
manteaus,22,"plural noun: a loose gown or cloak worn by women in the 17th and 18th centuries \ a long, loose coat or overshirt worn by Muslim women.",True,True,True,,,,
boot-leg,22,,True,True,True,,,,
bolshoylog,22,"Botanical reserve of regional importance in Krasnensky District of the Belgorod Oblast, Russia.",True,True,True,,,,
b4buy,22,,True,True,True,5C,,,
teachaid,22,,True,True,True,,,,
xscapetour,22,,True,True,True,,,,
dishrv,22,,True,True,True,,,,
defineword,22,,True,True,True,,,,
booksused,22,,True,True,True,,,,
searchya,22,,True,True,True,,,,
arcadeshop,22,,True,True,True,,,,
bookyards,22,,True,True,True,,,,
simplefurniture,22,,True,True,True,,,,
tablefor2,22,,True,True,True,,,,
vorgeschlagen,22,"DE verb:\n suggest, propose, put forward, nominate, propound",True,True,True,,,,
traviezas,22,SP mischief,True,True,True,,,,
eachtoherown,22,,True,True,True,,,,
yourice,22,,True,True,True,,,,
kraftwerken,22,DE 'power plants noun: power station',True,True,True,,,,
painpal,22,,True,True,True,,,,
sensexoracle,22,,True,True,True,,,,
artmajors,22,,True,True,True,,,,
urbanforum,22,,True,True,True,,,,
booktrain,22,,True,True,True,,,,
rugbycamp,22,,True,True,True,,,,
travelfinds,,,False,False,True,,,,
beerfeast,22,,True,True,True,,,,
aztecmask,22,,True,True,True,,,,
turfcutter,22,,True,True,True,,,,
createjob,22,,True,True,True,,,,
stonetype,22,,True,True,True,,,,
colorword,22,,True,True,True,,,,
wildflowrs,22,,True,True,True,,,,
norise,22,"Latvian 'progress noun: procedure, process, run'",True,True,True,,,,
farmiliar,22,,True,True,True,,,,
tentcampers,,,False,False,True,,,,
moscowembassy,22,,True,True,True,,,,
stoptrafficking,22,,True,True,True,,,,
rainforesttours,,,False,False,True,,,,
leathersupplies,22,,True,True,True,,,,
hamburgerheaven,22,,True,True,True,,,,
mototravelers,22,,True,True,True,,,,
babywagon,22,,True,True,True,,,,
recipecart,22,,True,True,True,,,,
howtostartadiet,22,,True,True,True,,,,
earthchronicles,22,,True,True,True,,,,
fertilityfoods,22,,True,True,True,,,,
californiagold,22,,True,True,True,,,,
biologyforkids,22,,True,True,True,,,,
calendarjournal,22,,True,True,True,,,,
dudebrew,22,,True,True,True,,,,
ecoherald,22,,True,True,True,,,,
nicedear,22,,True,True,True,,,,
uneidlich,22,,True,True,True,,,,
cheappart,22,,True,True,True,,,,
depotrestaurant,22,,True,True,True,,,,
cookingwithbeer,22,,True,True,True,,,,
brooklyntourism,22,,True,True,True,,,,
creditprovider,22,,True,True,True,,,,
everythingcheap,22,,True,True,True,,,,
internetroaming,22,,True,True,True,,,,
getmeouttahere,22,,True,True,True,,,,
clearsunglasses,22,,True,True,True,,,,
equestriancoach,22,,True,True,True,,,,
onlineshopchina,22,,True,True,True,,,,
exhibitservice,22,,True,True,True,,,,
chaletski,22,,True,True,True,,,,
snowbrand,22,,True,True,True,,,,
siteologist,22,,True,True,True,,,,
deskheaven,22,,True,True,True,,,,
twofanatics,22,,True,True,True,,,,
rentboards,22,,True,True,True,,,,
xempted,22,,True,True,True,,,,
graduationnight,22,,True,True,True,,,,
activewager,22,,True,True,True,,,,
simfile,22,,True,True,True,,,,
xxxxxxxxxxxxxxxxxxxxxxxxxxxxx,22,,True,True,True,,,,
raredrinks,22,,True,True,True,,,,
vaccinedesk,22,,True,True,True,,,,
familyfirewall,22,,True,True,True,,,,
europlus,22,,True,True,True,,,,
flag-store,22,,True,True,True,,,,
spanishdelight,22,,True,True,True,,,,
assassina,22,,True,True,True,,,,
protoprogram,22,,True,True,True,,,,
appproposal,22,,True,True,True,,,,
fortunetrain,22,,True,True,True,,,,
binaryarea,22,,True,True,True,,,,
bloodinstinct,22,,True,True,True,,,,
globalmachinery,22,,True,True,True,,,,
app1a,22,,True,True,True,5C,,,
archiex,22,,True,True,True,,,,
tronaut,22,,True,True,True,,,,
eatark,22,,True,True,True,,,,
rylife,22,,True,True,True,,,,
2finity,22,,True,True,True,,,,
treattrove,22,,True,True,True,,,,
travelzooz,22,,True,True,True,,,,
worldtrail,22,,True,True,True,,,,
giftxmas,22,,True,True,True,,,,
technothink,22,techno-think | tech-no-think,True,True,True,,,,
wealthworx,22,,True,True,True,,,,
morelaws,22,,True,True,True,,,,
healthmed,22,,True,True,True,,,,
eatfrenzy,22,,True,True,True,,,,
unlipped,22,,True,True,True,,,,
earmint,22,,True,True,True,,,,
dimuanya,22,Indonesian 'in all'; Angolan town.,True,True,True,,,,
birthdaybot,22,,True,True,True,,,,
tweenparty,22,,True,True,True,,,,
xn--53h0179n6wabe48i,22,-bee-tea-see-rocket-moon-,True,True,True,PUNY_IDNA,🐝☕👀🚀🌑,,
ndations,22,,True,True,True,,,,
poppizzazz,22,,True,True,True,,,,
cevichebar,22,,True,True,True,,,,
blackflat,22,"coffee, or bitumen ... ?? :-)",True,True,True,,,,
bluffrock,22,,True,True,True,,,,
blueknob,22,,True,True,True,,,,
biddeston,22,"Rural town and locality in the Toowoomba Region, Queensland, Australia. In the 2016 census, Biddeston had a population of 284 people.",True,True,True,,,,
vulpmes,22,,True,True,True,,,,
changestate,22,,True,True,True,,,,
bananapocket,22,"Town in Whitsunday (Queensland) is a town in Australia ... or .. is that a banana in your pocket, or are you just glad to see me...?",True,True,True,,,,
fliyer,22,[flier\flyer],True,True,True,,,,
twitwise,22,,True,True,True,,,,
closetimes,22,,True,True,True,,,,
chainarts,22,,True,True,True,,,,
thatblockchain,22,,True,True,True,,,,
hangblockchain,22,,True,True,True,,,,
ucubit,22,,True,True,True,,,,
onestraw,22,,True,True,True,,,,
eartharoma,22,,True,True,True,,,,
kaliyuga,22,,True,True,True,,,,
dighair,22,,True,True,True,,,,
diganga,22,,True,True,True,,,,
grabezmala,22,BU 'grabbed' .. \ni grabbed it - you can too!,True,True,True,,,,
tiskovac,22,"Czech 'printer' [OR .. a place is situated in Zadar-Knin, Croatia]",True,True,True,,,,
betraders,22,,True,True,True,,,,
galaxyglow,22,,True,True,True,,,,
srednje,22,Slovenian 'medium',True,True,True,,,,
spasovnica,22,BU lifeguard,True,True,True,,,,
changeblockchain,22,,True,True,True,,,,
yummyfoodbites,22,,True,True,True,,,,
supernovaremnant,22,,True,True,True,,,,
axinim,22,axin' 'im [giving him the boot\sack],True,True,True,,,,
azevedosodre,22,PT sourdough,True,True,True,,,,
dondaii,22,,True,True,True,,,,
bamnia,22,"Jhabua district, Madhya Pradesh, India",True,True,True,,,,
banbaria,22,,True,True,True,,,,
tilava,22,FI 'spacious',True,True,True,,,,
spraca,22,PO runs back,True,True,True,,,,
srebrnik,22,Slovenian silver,True,True,True,,,,
spreca,22,IT 'wastes',True,True,True,,,,
podgalevi,22,BU subchapters,True,True,True,,,,
posern,22,"Was a province of Prussia; present-day Poznań, Poland - https://en.wikipedia.org/wiki/Province_of_Posen [also surname]",True,True,True,,,,
argolas,22,"PT ring, hoop, link",True,True,True,,,,
baiabranca,22,PT white bay,True,True,True,,,,
osterwasser,22,,True,True,True,,,,
banagram,22,,True,True,True,,,,
ovcari,22,Bosnian 'sheep',True,True,True,,,,
ozreni,22,BU 'mature',True,True,True,,,,
sping,22,,True,True,True,5L,,,
dynotic,22,,True,True,True,,,,
qwipper,22,,True,True,True,,,,
windivo,22,,True,True,True,,,,
pubmata,22,,True,True,True,,,,
biairdrop,22,,True,True,True,,,,
habitsaver,22,,True,True,True,,,,
digitallivre,22,,True,True,True,,,,
bucketing,22,,True,True,True,,,,
growdao,22,,True,True,True,,,,
noshnest,22,,True,True,True,,,,
dirke,22,,True,True,True,5L,,,
chakratala,22,small cymbals,True,True,True,,,,
deodasa,22,PT 'toothy',True,True,True,,,,
bychikha,22,,True,True,True,,,,
damaoil,22,Scots Gaelic 'damages',True,True,True,,,,
chakrapara,22,ES chakra 'to\for',True,True,True,,,,
bushmin,22,,True,True,True,,,,
bungenie,22,,True,True,True,,,,
buzingo,22,PT 'horn',True,True,True,,,,
bet-wins,22,,True,True,True,,,,
budslaw,22,,True,True,True,,,,
sablayan,22,"officially the Municipality of Sablayan, is a 1st class municipality in the province of Occidental Mindoro, Philippines.",True,True,True,,,,
rotaitalia,22,Rota Italia,True,True,True,,,,
fishingonthechain,,,False,False,True,,,,
slamfun,22,,True,True,True,,,,
zhnsi,22,,True,True,True,5L,,,
xrpaustralia,22,,True,True,True,,,,
wikisage,22,,True,True,True,,,,
globallynomadic,22,,True,True,True,,,,
ziesar,22,,True,True,True,,,,
chainrek,22,,True,True,True,,,,
usdsos,22,US Dollar (USD) \ Somali Shilling (SOS) [Notation],True,True,True,,,,
elmac,22,,True,True,True,5L,,,
greycos,22,,True,True,True,,,,
imrah,22,,True,True,True,5L,,,
festivalist,22,,True,True,True,,,,
tincanblues,22,,True,True,True,,,,
herblot,22,,True,True,True,,,,
labyrinthos,22,,True,True,True,,,,
toskas,22,,True,True,True,,,,
serbis,22,,True,True,True,,,,
gohare,22,,True,True,True,,,,
reedah,22,,True,True,True,,,,
prayas,22,,True,True,True,,,,
majiko,22,,True,True,True,,,,
trigolo,22,,True,True,True,,,,
pritty,22,,True,True,True,,,,
funodd,22,,True,True,True,,,,
toplot,22,,True,True,True,,,,
celeres,22,,True,True,True,,,,
grezin,22,,True,True,True,,,,
segonds,22,,True,True,True,,,,
px__xq,22,,True,True,True,,,,
saluh,22,,True,True,True,5L,,,
marmoz,22,,True,True,True,,,,
medeus,22,,True,True,True,,,,
brilo,22,,True,True,True,5L,,,
isavi,22,,True,True,True,5L,,,
dokrat,22,,True,True,True,,,,
wondah,22,,True,True,True,,,,
ensmind,22,,True,True,True,,,,
hyart,22,,True,True,True,5L,,,
eversham,22,,True,True,True,,,,
allfact,22,,True,True,True,,,,
lowage,22,,True,True,True,,,,
primetip,22,,True,True,True,,,,
siguret,22,,True,True,True,,,,
anypain,22,,True,True,True,,,,
ernar,22,,True,True,True,5L,,,
kthrash,22,,True,True,True,,,,
oronas,22,,True,True,True,,,,
sewah,22,,True,True,True,5L,,,
artpsycho,22,,True,True,True,,,,
mulletsfishcamp,22,,True,True,True,,,,
rerolle,22,,True,True,True,,,,
pechenet,22,,True,True,True,,,,
buildsolar,22,,True,True,True,,,,
kompus,22,,True,True,True,,,,
farizon,22,,True,True,True,,,,
guiddir,22,,True,True,True,,,,
fabtec,22,,True,True,True,,,,
shitheap,22,,True,True,True,,,,
euromade,22,,True,True,True,,,,
namewisdom,22,,True,True,True,,,,
cloudokids,22,,True,True,True,,,,
certech,22,,True,True,True,,,,
statcorner,22,,True,True,True,,,,
justgeneric,22,,True,True,True,,,,
spacemanyang,22,,True,True,True,,,,
bboying,22,,True,True,True,,,,
healersathome,22,,True,True,True,,,,
toxinfo,22,,True,True,True,,,,
crewnow,22,,True,True,True,,,,
deficalendar,22,,True,True,True,,,,
savagekingdom,22,,True,True,True,,,,
mywreck,22,,True,True,True,,,,
allmugs,22,,True,True,True,,,,
onebadday,22,,True,True,True,,,,
eatsshootsandleaves,22,,True,True,True,,,,
wafflings,22,,True,True,True,,,,
freeeeak,22,,True,True,True,,,,
nativeseed,22,,True,True,True,,,,
goodbasics,222,,True,True,True,,,,
bestdealtoday,22,,True,True,True,,,,
justgoodthings,22,,True,True,True,,,,
jobofwork,22,,True,True,True,,,,
craftgenius,22,,True,True,True,,,,
thrillbox,22,,True,True,True,,,,
carryshit,22,,True,True,True,,,,
findigo,22,,True,True,True,,,,
slybris,22,,True,True,True,,,,
canihavethat,22,,True,True,True,,,,
ruincrypto,22,,True,True,True,,,,
costumemania,22,,True,True,True,,,,
memetales,22,,True,True,True,,,,
thousandsuns,22,,True,True,True,,,,
kingdomchairs,22,,True,True,True,,,,
meditime,22,,True,True,True,,,,
futurepack,22,,True,True,True,,,,
pacificwine,22,,True,True,True,,,,
lookinmypc,22,,True,True,True,,,,
subworx,22,,True,True,True,,,,
brandget,22,,True,True,True,,,,
nftjail,22,,True,True,True,,,,
nftsilo,22,,True,True,True,,,,
prettyontheinside,22,,True,True,True,,,,
funnycrypto,22,,True,True,True,,,,
cryptospare,22,,True,True,True,,,,
reusedefi,22,,True,True,True,,,,
raisedefi,22,,True,True,True,,,,
dwarfnft,22,,True,True,True,,,,
biddingworks,22,,True,True,True,,,,
dog-weary,22,,True,True,True,,,,
bligation,22,,True,True,True,,,,
ouratlas,22,,True,True,True,,,,
voidnft,22,,True,True,True,,,,
monkeyyoga,22,,True,True,True,,,,
matchwedding,22,,True,True,True,,,,
conefrens,22,,True,True,True,,,,
cryptoruin,22,,True,True,True,,,,
naturewellbeing,22,,True,True,True,,,,
silonft,22,,True,True,True,,,,
nipplebanana,22,,True,True,True,,,,
nongisnong,22,,True,True,True,,,,
thegeekchic,22,,True,True,True,,,,
yourbestbud,22,,True,True,True,,,,
dwebshare,22,,True,True,True,,,,
mothballnft,22,,True,True,True,,,,
yourfortune,22,,True,True,True,,,,
noteat,22,,True,True,True,,,,
birdlime,22,,True,True,True,,,,
conductasurvey,22,,True,True,True,,,,
motheranddaughter,22,,True,True,True,,,,
dslrtripod,22,,True,True,True,,,,
cryptotwist,22,,True,True,True,,,,
usualcrypto,22,,True,True,True,,,,
mooctochina,22,,True,True,True,,,,
healthdocs,22,,True,True,True,,,,
pricedefi,22,,True,True,True,,,,
no-mad,,,False,False,True,,,,
grooveon,22,,True,True,True,,,,
goldsilverstandard,22,,True,True,True,,,,
sunseason,,,False,False,True,,,,
blowagasket,22,,True,True,True,,,,
mapactive,22,,True,True,True,,,,
webmeal,22,,True,True,True,,,,
earthgleam,22,,True,True,True,,,,
wyciwyg,22,,True,True,True,,,,
catboat,22,,True,True,True,,,,
stonerpal,22,,True,True,True,,,,
catpros,22,,True,True,True,,,,
hisnibs,222,,True,True,True,,,,
catmood,22,,True,True,True,,,,
catkat,22,,True,True,True,,,,
catluck,222,,True,True,True,,,,
twobob,22,,True,True,True,,,,
poshcats,22,,True,True,True,,,,
pimpmylife,22,,True,True,True,,,,
icerescue,22,,True,True,True,,,,
2070ad,22,,True,True,True,,,,
2060ad,22,,True,True,True,,,,
2040ad,22,,True,True,True,,,,
2080ad,22,,True,True,True,,,,
showcat,222,,True,True,True,,,,
catcrew,22,,True,True,True,,,,
peacecats,22,,True,True,True,,,,
catgems,222,,True,True,True,,,,
catbits,22,,True,True,True,,,,
nudedudes,222,,True,True,True,,,,
2050ad,22,,True,True,True,,,,
cattek,22,,True,True,True,,,,
catdivas,222,,True,True,True,,,,
divacat,222,,True,True,True,,,,
catbites,22,,True,True,True,,,,
catgeek,222,,True,True,True,,,,
catdiva,222,,True,True,True,,,,
homebasic,22,,True,True,True,,,,
econowork,22,,True,True,True,,,,
purrjoy,22,,True,True,True,,,,
catbond,222,,True,True,True,,,,
700101,22,,True,True,True,6D,,,
13572468,22,,True,True,True,,,,
abcdiners,22,,True,True,True,,,,
catnerd,222,,True,True,True,,,,
funjest,22,,True,True,True,,,,
catsaga,222,,True,True,True,,,,
omgalol,22,,True,True,True,,,,
layawager,22,,True,True,True,,,,
nothingmax,22,,True,True,True,,,,
scoundrelly,22,,True,True,True,,,,
funnycritters,22,,True,True,True,,,,
campingidea,22,,True,True,True,,,,
stonercards,22,,True,True,True,,,,
furryfrenz,22,,True,True,True,,,,
ganjagrotto,22,,True,True,True,,,,
mindfulnessmatters,22,,True,True,True,,,,
naturecrossroad,22,,True,True,True,,,,
reeferparadise,22,,True,True,True,,,,
ourspring,22,,True,True,True,,,,
cheaptutor,22,,True,True,True,,,,
guruforum,22,,True,True,True,,,,
toysolar,22,,True,True,True,,,,
gurupost,22,,True,True,True,,,,
robocosmic,22,,True,True,True,,,,
shopgamer,22,,True,True,True,,,,
netclown,22,,True,True,True,,,,
unialfa,22,,True,True,True,,,,
hazardnews,22,,True,True,True,,,,
earthdeck,22,,True,True,True,,,,
uhnsi,22,,True,True,True,5L,,,
phnsi,22,,True,True,True,5L,,,
mhnsi,22,,True,True,True,5L,,,
khnsi,22,,True,True,True,5L,,,
jhnsi,22,,True,True,True,5L,,,
vhnsi,22,,True,True,True,5L,,,
meditateandbreathe,,,False,False,True,,,,
buggerie,22,,True,True,True,,,,
lookatmynft,25,,True,True,True,,,,
habilito,333,"ES 'enable, qualify'",True,True,True,,,,
lunchtimes,33,,True,True,True,,,,
yodelist,33,,True,True,True,,,,
buidlweb3,33,,True,True,True,,,,
eatpallet,33,,True,True,True,,,,
trashforce,33,,True,True,True,,,,
staffmail,33,,True,True,True,,,,
smartswag,33,,True,True,True,,,,
worksolid,33,,True,True,True,,,,
kidpolicy,33,,True,True,True,,,,
staffpower,33,,True,True,True,,,,
specialart,33,,True,True,True,,,,
flag-waving,33,,True,True,True,,,,
musictag,33,,True,True,True,,,,
webjames,33,,True,True,True,,,,
natureboat,33,,True,True,True,,,,
runeditor,33,,True,True,True,,,,
earthround,33,,True,True,True,,,,
hand-worked,33,,True,True,True,,,,
old-fangled,33,,True,True,True,,,,
domainand,33,,True,True,True,,,,
pdfcloud,33,,True,True,True,,,,
exoticsinc,33,,True,True,True,,,,
apefriend,33,,True,True,True,,,,
winnerlife,33,,True,True,True,,,,
sushiknife,33,,True,True,True,,,,
legoforadults,33,,True,True,True,,,,
lovemypen,33,,True,True,True,,,,
campingplay,33,,True,True,True,,,,
stonerstickers,33,,True,True,True,,,,
word-for-word,33,,True,True,True,,,,
yogaphilosophy,33,,True,True,True,,,,
newitch,33,new itch | new witch,True,True,True,,,,
drybrushing,33,,True,True,True,,,,
bicyclegenerator,33,,True,True,True,,,,
farmcareer,33,,True,True,True,,,,
humanfact,33,,True,True,True,,,,
badburger,33,,True,True,True,,,,
theartofwriting,33,,True,True,True,,,,
coughremedy,33,,True,True,True,,,,
bestauthors,33,,True,True,True,,,,
bookcircus,33,,True,True,True,,,,
bluesartists,33,,True,True,True,,,,
nuevaitalia,33,"SP 'New Italy' .. Michoacán, Mexico ..OR.. Paraguay",True,True,True,,,,
artgalley,33,,True,True,True,,,,
windandsun,33,,True,True,True,,,,
startdomain,33,,True,True,True,,,,
passwordsharing,33,,True,True,True,,,,
unnel,33,f.unnel | t.unnel | ch.unnel | ipt.unnel | g.unnel,True,True,True,5L,,,
mintsilo,33,,True,True,True,,,,
rastamagic,33,,True,True,True,,,,
estyled,33,,True,True,True,,,,
naturaled,33,natural LED,True,True,True,,,,
howdoibuy,33,,True,True,True,,,,
boundaryrider,33,,True,True,True,,,,
lifebets,333,,True,True,True,,,,
morevote,33,,True,True,True,,,,
rched,33,,True,True,True,5L,,,
w3belf,33,,True,True,True,,,,
arsenal-fan,33,,True,True,True,,,,
finew3b,33,,True,True,True,,,,
alphashake,33,,True,True,True,,,,
upload69,33,,True,True,True,,,,
inertianft,33,,True,True,True,,,,
muskovite,33,,True,True,True,,,,
nftsgirl,33,,True,True,True,,,,
theriez,33,,True,True,True,,,,
sunsetride,33,,True,True,True,,,,
tao-yin,33,,True,True,True,,,,
solardeity,33,,True,True,True,,,,
litlove,33,,True,True,True,,,,
golfprodirectory,33,,True,True,True,,,,
ciertas,44,"ES 'certain, sure, definite'",True,True,True,,,,
linguisticsai,44,,True,True,True,,,,
edibleking,44,,True,True,True,,,,
elimits,44,,True,True,True,,,,
italianization,44,,True,True,True,,,,
garlicmayo,44,,True,True,True,,,,
ens4you,44,,True,True,True,,,,
dollaryo,44,,True,True,True,,,,
fastgym,44,,True,True,True,,,,
chinavstaiwan,44,,True,True,True,,,,
wineideal,44,,True,True,True,,,,
peacequiet,44,,True,True,True,,,,
walllaw,44,,True,True,True,,,,
coderow,44,,True,True,True,,,,
nexttip,44,,True,True,True,,,,
artutor,44,,True,True,True,,,,
touchcat,44,,True,True,True,,,,
mindteam,44,,True,True,True,,,,
futuredad,44,,True,True,True,,,,
birthchip,44,,True,True,True,,,,
craftskill,44,,True,True,True,,,,
frozenmeal,44,,True,True,True,,,,
bruijst,44,Dutch 'fizz',True,True,True,,,,
creativekitchen,44,,True,True,True,,,,
chaa-khol,44,https://en.wikipedia.org/wiki/Chaa-Khol\n Russia .. OR .. a phonetic fire fuel,True,True,True,,,,
selfexpert,44,,True,True,True,,,,
campervanusa,44,,True,True,True,,,,
customtax,44,,True,True,True,,,,
kinghaggard,44,https://thelastunicorn.fandom.com/wiki/King_Haggard,True,True,True,,,,
namebooks,44,,True,True,True,,,,
starmoves,44,,True,True,True,,,,
cafesito,44,ES 'little coffee',True,True,True,,,,
nseth,44,,True,True,True,5L,,,
r8edu,11,,True,True,True,5C,,,
trappists,44,,True,True,True,,,,
hagsdorf,44,Bavarian town,True,True,True,,,,
trans-action,44,,True,True,True,,,,
ohforkme,44,,True,True,True,,,,
price-watch,44,,True,True,True,,,,
truffledog,44,,True,True,True,,,,
trufflepig,44,,True,True,True,,,,
superscalar,44,,True,True,True,,,,
systray,444,,True,True,True,,,,
bodgi,44,,True,True,True,5L,,,
titlebar,44,,True,True,True,,,,
falcondo,44,"Falconbridge Dominicana S.A. (Falcondo), owned by Americano Nickel Ltd, operates the Falcondo ferronickel mine in the Dominican Republic.",True,True,True,,,,
zenment,44,,True,True,True,,,,
geyi,44,,True,True,True,4L,,,
vuec,44,,True,True,True,4L,,,
chausi,44,"chausi [or chausie] is a cross between a domestic cat and another non-Felis silvestris, the jungle cat found in Asia",True,True,True,,,,
domany,44,do many,True,True,True,,,,
domoslave,44,house [Esperanto] slave,True,True,True,,,,
sikpur,44,,True,True,True,,,,
instagranny,44,,True,True,True,,,,
instagranddad,44,,True,True,True,,,,
altcoinfans,44,,True,True,True,,,,
s3cr3tz,44,,True,True,True,,,,
yphu,44,,True,True,True,4L,,,
ynmi,44,,True,True,True,4L,,,
sh1ts,44,,True,True,True,5C,,,
zvuu,44,,True,True,True,4L,,,
zxif,44,,True,True,True,4L,,,
xyji,44,,True,True,True,4L,,,
eurue,44,List the things that the EU rue!,True,True,True,5L,,,
ehehe,44,,True,True,True,5L,,,
yoiu,44,,True,True,True,4L,,,
hongki,44,phonetic 'honky',True,True,True,,,,
ruzhdi,44,Albanian 'Rushdie' [https://en.wikipedia.org/wiki/Salman_Rushdie],True,True,True,,,,
gauni,44,Swahili 'gown',True,True,True,5L,,,
v101,44,,True,True,True,4C,,,
52-cardpickup,52,,True,True,True,,,,
xn--ai-wl03a,55,,True,True,True,PUNY_IDNA,🤑ai,,
xn--64hx850o,55,,True,True,True,PUNY_IDNA,🖕☹,,
xn--11bo3d2c1c,55,crease,True,True,True,"PUNY_IDNA,Hindi",क्रीज,Devanagari (Hindi),crease
xn--l1b6a5b9a9f,55,As yet,True,True,True,"PUNY_IDNA,Hindi",अभीतक,Devanagari (Hindi),As yet
xn--meditation-4t2py55t,55,meditation in Chinese,True,True,True,"PUNY_IDNA,CJK",meditation中文,Chinese/Japanese/Korean,meditation in Chinese
xn--meditating-4t2py55t,55,meditating in Chinese,True,True,True,"PUNY_IDNA,CJK",meditating中文,Chinese/Japanese/Korean,meditating in Chinese
xn--shuttered-yl6n486r,55,shutteredChinese,True,True,True,"PUNY_IDNA,CJK",shuttered中文,Chinese/Japanese/Korean,shutteredChinese
xn--ms-ry2cs33g,55,mschinese,True,True,True,"PUNY_IDNA,CJK",ms中文,Chinese/Japanese/Korean,mschinese
xn--r1abl7a,55,they hear,True,True,True,"PUNY_IDNA,Cyrillic",чуят,Cyrillic (Russian/Ukrainian),they hear
xn--fiq241nqud,55,Enter in the middle,True,True,True,"PUNY_IDNA,CJK",中間进,Chinese/Japanese/Korean,Enter in the middle
xn--55q5d944a,55,public security army,True,True,True,"PUNY_IDNA,CJK",公安军,Chinese/Japanese/Korean,public security army
xn--fiqr1kovf8vfd89d,55,Central Guard Division,True,True,True,"PUNY_IDNA,CJK",中央警卫师,Chinese/Japanese/Korean,Central Guard Division
xn--fiqr1kb8cf1cus5h,55,central guard corps,True,True,True,"PUNY_IDNA,CJK",中央警卫团,Chinese/Japanese/Korean,central guard corps
xn--fiq86kg7ekzk,55,central kitchen,True,True,True,"PUNY_IDNA,CJK",中央厨房,Chinese/Japanese/Korean,central kitchen
xn--cjzu29a3zn,55,black myth,True,True,True,"PUNY_IDNA,CJK",黑神话,Chinese/Japanese/Korean,black myth
xn--fhq102n,55,obsessed with,True,True,True,"PUNY_IDNA,CJK",迷上,Chinese/Japanese/Korean,obsessed with
xn--94qv64c,55,Unavoidable,True,True,True,"PUNY_IDNA,CJK",未免,Chinese/Japanese/Korean,Unavoidable
xn--4gq537o9vbc6b,55,Camel gust of wind,True,True,True,"PUNY_IDNA,CJK",驼一阵风,Chinese/Japanese/Korean,Camel gust of wind
xn--fiqrep10a7ue,55,Learn from China,True,True,True,"PUNY_IDNA,CJK",学习中国,Chinese/Japanese/Korean,Learn from China
xn--rsss09j,55,Heaven's Rebellion,True,True,True,"PUNY_IDNA,CJK",天逆,Chinese/Japanese/Korean,Heaven's Rebellion
xn--prrz31l,55,distant kiss,True,True,True,"PUNY_IDNA,CJK",遥吻,Chinese/Japanese/Korean,distant kiss
xn--gmq182bese,55,careless person,True,True,True,"PUNY_IDNA,CJK",无心人,Chinese/Japanese/Korean,careless person
xn--lcy850f,55,Play with the wind,True,True,True,"PUNY_IDNA,CJK",玩风,Chinese/Japanese/Korean,Play with the wind
xn--g02a,55,,True,True,True,"PUNY_IDNA,CJK",訐,Chinese/Japanese/Korean,訐
moneyisdead,55,,True,True,True,,,,
airpaper,55,,True,True,True,,,,
folkbook,55,,True,True,True,,,,
tablista,55,"ES 'surfer, windsurfer'",True,True,True,,,,
globe-trot,55,,True,True,True,,,,
techxpert,55,,True,True,True,,,,
clickpower,55,,True,True,True,,,,
artofzoo,55,,True,True,True,,,,
notold,55,,True,True,True,,,,
wikimanual,55,,True,True,True,,,,
bongaverse,55,,True,True,True,,,,
bidonart,55,,True,True,True,,,,
nftaccepted,55,,True,True,True,,,,
nextceo,55,,True,True,True,,,,
outrick,55,,True,True,True,,,,
cdtab,55,,True,True,True,5L,,,
ensninjas,55,,True,True,True,,,,
lovecatz,55,,True,True,True,,,,
domainssl,55,,True,True,True,,,,
betquit,55,,True,True,True,,,,
euroflag,55,,True,True,True,,,,
eth-degen,55,,True,True,True,,,,
sunrub,55,,True,True,True,,,,
logicz,55,,True,True,True,,,,
buxcard,55,,True,True,True,,,,
de-jour,55,,True,True,True,,,,
pixelogic,55,,True,True,True,,,,
spamsite,55,,True,True,True,,,,
bardish,55,,True,True,True,,,,
showing-off,55,,True,True,True,,,,
abrogating,55,Now abrogating this domain .. care to take it off my hands..?,True,True,True,,,,
monophagy,55,feeding on a single type of food,True,True,True,,,,
tiedyes,55,,True,True,True,,,,
petcows,55,,True,True,True,,,,
nationalcostume,55,,True,True,True,,,,
asiansupplies,55,,True,True,True,,,,
calligraphyart,55,,True,True,True,,,,
seriouspizza,55,,True,True,True,,,,
seospy,55,,True,True,True,,,,
handyear,55,,True,True,True,,,,
bestdishes,55,,True,True,True,,,,
bmxmag,55,,True,True,True,,,,
chocolatecup,55,,True,True,True,,,,
campersusa,55,,True,True,True,,,,
catsnames,55,,True,True,True,,,,
rhymetime,55,,True,True,True,,,,
suryayoga,55,,True,True,True,,,,
seooptimise,55,,True,True,True,,,,
idioot,55,,True,True,True,,,,
mycatisfat,55,,True,True,True,,,,
trickhorse,55,,True,True,True,,,,
cafespice,55,,True,True,True,,,,
timelineapp,55,,True,True,True,,,,
smileyapp,55,,True,True,True,,,,
targetbow,55,,True,True,True,,,,
wivestales,55,,True,True,True,,,,
londonbuildings,55,,True,True,True,,,,
voicewords,55,,True,True,True,,,,
todaydate,55,,True,True,True,,,,
ratetable,55,,True,True,True,,,,
taxde,55,,True,True,True,5L,,,
djgigs,55,,True,True,True,,,,
wildnite,55,,True,True,True,,,,
nicesync,55,,True,True,True,,,,
vapenight,55,,True,True,True,,,,
astrodawn,55,,True,True,True,,,,
spacexstock,55,,True,True,True,,,,
resourcio,55,,True,True,True,,,,
indexpenny,55,,True,True,True,,,,
surjan,55,,True,True,True,,,,
wokegeek,55,,True,True,True,,,,
brokenigger,55,broke nigger | broken nigger,True,True,True,,,,
dadsofdiy,55,,True,True,True,,,,
overearn,55,,True,True,True,,,,
manxiety,55,,True,True,True,,,,
dadgets,55,,True,True,True,,,,
usahere,55,,True,True,True,,,,
firemama,55,,True,True,True,,,,
flipyeah,55,,True,True,True,,,,
stardiets,55,,True,True,True,,,,
rob-u,55,,True,True,True,5C,,,
u-rob,55,,True,True,True,5C,,,
domain-gallery,55,,True,True,True,,,,
darkwebai,55,,True,True,True,,,,
grandchat,55,,True,True,True,,,,
ezhot,55,,True,True,True,5L,,,
ecotraders,55,,True,True,True,,,,
ecoutility,55,,True,True,True,,,,
pornosession,55,,True,True,True,,,,
fishroe,55,,True,True,True,,,,
readabl,55,,True,True,True,,,,
agiftforyou,55,,True,True,True,,,,
rebelnomad,55,,True,True,True,,,,
j33z,55,,True,True,True,4C,,,
bigbog,55,,True,True,True,,,,
pairoff,55,,True,True,True,,,,
bokowen,55,Polish sideways,True,True,True,,,,
territoriums,55,plural - The land around or within the boundaries of a town; territory [latin],True,True,True,,,,
freeworlddomains,55,,True,True,True,,,,
grabac,55,ES 'record',True,True,True,,,,
oldnerd,55,,True,True,True,,,,
digitrail,55,,True,True,True,,,,
aklame,55,Haitian Creole 'acclaimed',True,True,True,,,,
dugolaz,55,Croatian 'long-distance',True,True,True,,,,
poddrezanj,55,Slovenian 'undercuts',True,True,True,,,,
sumjet,55,some jet .. pick your airline [and its cost] !,True,True,True,,,,
sokolice,55,Croatian falcons,True,True,True,,,,
ofenau,55,of English Australian,True,True,True,,,,
neversaygoodbye,55,,True,True,True,,,,
mysite21,55,,True,True,True,,,,
menumap,55,,True,True,True,,,,
seosy,55,,True,True,True,5L,,,
crohnsquiz,55,,True,True,True,,,,
stoicslime,55,,True,True,True,,,,
humantax,55,,True,True,True,,,,
phoenixed,55,,True,True,True,,,,
nonphixion,55,,True,True,True,,,,
ifeelhappyandexcited,55,,True,True,True,,,,
theworldisawonderfulplace,55,,True,True,True,,,,
diplomatwallet,55,,True,True,True,,,,
startyourblockchain,55,,True,True,True,,,,
0level,55,,True,True,True,,,,
herba-life,55,,True,True,True,,,,
mynfteam,55,,True,True,True,,,,
00zy,55,ooozy :-) slime!,True,True,True,4C,,,
asianeye,55,,True,True,True,,,,
isurgir,55,PT 'arise',True,True,True,,,,
zillionnaire,55,,True,True,True,,,,
myaym,55,my aim,True,True,True,5L,,,
loanwhale,55,,True,True,True,,,,
gelded,55,,True,True,True,,,,
guypics,55,,True,True,True,,,,
egosurf,55,,True,True,True,,,,
soundgem,55,,True,True,True,,,,
xn--2me,55,,True,True,True,PUNY_IDNA,ᕤ,,
farmingfriends,55,,True,True,True,,,,
digitaldwellers,55,,True,True,True,,,,
onlyscam,55,,True,True,True,,,,
darkchi,55,,True,True,True,,,,
aievolves,55,,True,True,True,,,,
astronews,66,,True,True,True,,,,
privacyapp,66,,True,True,True,,,,
sys-admin,66,,True,True,True,,,,
hourdefi,66,,True,True,True,,,,
villagemart,66,,True,True,True,,,,
webfintech,68,,True,True,True,,,,
geigers,69,,True,True,True,,,,
pedrose,69,,True,True,True,,,,
kiitana,69,,True,True,True,,,,
hetven,77,HU 'seventy',True,True,True,,,,
hetvenne,77,HU 'seventies',True,True,True,,,,
salezy,77,,True,True,True,,,,
pirateradioship,77,,True,True,True,,,,
dijeron,77,SP 'they said',True,True,True,,,,
happyplant,77,,True,True,True,,,,
hungerburg,77,,True,True,True,,,,
web3dot0,77,,True,True,True,,,,
ephemerama,77,,True,True,True,,,,
romanroad,77,,True,True,True,,,,
mufin,77,phonetic 'muffin',True,True,True,5L,,,
apes3d,77,,True,True,True,,,,
abau,77,,True,True,True,4L,,,
chingoje,80,"A park in Iringa, Tanzania; or Spanish 'shit' (by Ggl-Transl8).",True,True,True,,,,
xn--45qa42l6w6e,88,CH\ZH ‘880’,True,True,True,"PUNY_IDNA,CJK",八百八十,Chinese/Japanese/Korean,eight hundred and eighty
it-hub,88,,True,True,True,,,,
giss888,88,,True,True,True,,,,
r8eth,88,,True,True,True,5C,,,
musketeerscharacters,88,,True,True,True,,,,
nftvisa,88,,True,True,True,,,,
xn--g77ha6ab282g,88,,True,True,True,PUNY_IDNA,🇨🇳🤝🇨🇳,,
xn--8ov0180g,88,🧧Yes,True,True,True,"PUNY_IDNA,CJK",🧧有,Chinese/Japanese/Korean,🧧Yes
caioxo,90,"Portuguese, caio: ENGLISH, fall ..\n'get well soon' or 'kiss it better' :-) \n",True,True,True,,,,
rommany,99,,True,True,True,,,,
btcsimilar,99,,True,True,True,,,,
coinpush,99,,True,True,True,,,,
dongi,99,Put on a gi [JP martial arts suit].,True,True,True,5L,,,
000acr,99,ooo's of acres [for sale],True,True,True,,,,
skichains,99,,True,True,True,,,,
hamuk,99,phonetic 'hammock',True,True,True,5L,,,
retyped,100,"Whether it be re-styled, or put in a new format some other way, this would seem a most useful name.",True,True,True,,,,
manfriday,111,,True,True,True,,,,
xn--oe-ema,111,father,True,True,True,"PUNY_IDNA,European",oče,European (Latin Extended),father
xn--loda5ab,111,father,True,True,True,"PUNY_IDNA,Georgian",მამა,Georgian,father
xn--80aab1h,111,father,True,True,True,"PUNY_IDNA,Cyrillic",баща,Cyrillic (Russian/Ukrainian),father
xn--e1ar1a,111,father,True,True,True,"PUNY_IDNA,Cyrillic",оче,Cyrillic (Russian/Ukrainian),father
xn--ggb5fxg,111,father,True,True,True,"PUNY_IDNA,Arabic",پيء,Arabic/Urdu/Uyghur,father
xn--y9aowv9c,111,the father,True,True,True,"PUNY_IDNA,Armenian",հայրը,Armenian,the father
xn--80aab1b7ctb,111,father,True,True,True,"PUNY_IDNA,Cyrillic",бацька,Cyrillic (Russian/Ukrainian),father
xn--e2b8ah9b,111,father,True,True,True,"PUNY_IDNA,Hindi",वडील,Devanagari (Hindi),father
xn--80aag,111,father,True,True,True,"PUNY_IDNA,Cyrillic",аав,Cyrillic (Russian/Ukrainian),father
xn--tat-cpa,111,father,True,True,True,"PUNY_IDNA,European",tată,European (Latin Extended),father
xn--tvas-vva,111,father,True,True,True,"PUNY_IDNA,European",tėvas,European (Latin Extended),father
xn--80aal6bi,111,father,True,True,True,"PUNY_IDNA,Cyrillic",падар,Cyrillic (Russian/Ukrainian),father
xn--80ab2aqs4d,111,father,True,True,True,"PUNY_IDNA,Cyrillic",батько,Cyrillic (Russian/Ukrainian),father
xn--mgbpbq3ib,111,father,True,True,True,"PUNY_IDNA,Arabic",دادىسى,Arabic/Urdu/Uyghur,father
xn--rlcal3kxa,111,father,True,True,True,"PUNY_IDNA,Tamil",தந்தை,Tamil,father
xn--makuakne-m7a,111,father,True,True,True,"PUNY_IDNA,Hawaiian",makuakāne,Hawaiian,father
xn--ixahb1dhnd,111,father,True,True,True,"PUNY_IDNA,Greek",πατέρασ,Greek,father
xn--uvc6bd3rpi,111,father,True,True,True,"PUNY_IDNA,Malayalam",അച്ഛൻ,Malayalam,father
xn--chq2c4jaa705e,111,One hundred thousand buy buy buy,True,True,True,"PUNY_IDNA,CJK",十万个买买买,Chinese/Japanese/Korean,One hundred thousand buy buy buy
xn--g23a,111,turret,True,True,True,"PUNY_IDNA,CJK",輟,Chinese/Japanese/Korean,turret
laydee,111,,True,True,True,,,,
chartz,111,,True,True,True,,,,
letterers,111,,True,True,True,,,,
monkeydojo,111,,True,True,True,,,,
oneuni,111,,True,True,True,,,,
ironwares,111,,True,True,True,,,,
apeshub,111,,True,True,True,,,,
carwifi,111,,True,True,True,,,,
chinamania,111,,True,True,True,,,,
unhodl,111,,True,True,True,,,,
oldog,111,,True,True,True,5L,,,
stargod,111,,True,True,True,,,,
punxart,111,,True,True,True,,,,
webpager,111,,True,True,True,,,,
personise,111,,True,True,True,,,,
bloodbone,111,,True,True,True,,,,
windowr,111,,True,True,True,,,,
ask8ball,111,,True,True,True,,,,
windoors,111,,True,True,True,,,,
buyadrink,111,,True,True,True,,,,
directshop,111,,True,True,True,,,,
theeightfoldpath,111,,True,True,True,,,,
dairygoats,111,,True,True,True,,,,
wholegoods,111,,True,True,True,,,,
wildfermentation,111,,True,True,True,,,,
dianuevo,111,SP 'new day'.,True,True,True,,,,
nuevosanjuan,111,"The _centre_ of the Americas lol .. central Central America, Panama",True,True,True,,,,
ladyriders,111,,True,True,True,,,,
specialdish,111,,True,True,True,,,,
usualstory,111,,True,True,True,,,,
netreq,111,,True,True,True,,,,
englishcastles,111,,True,True,True,,,,
lustfullove,111,,True,True,True,,,,
moremart,111,,True,True,True,,,,
trigerd,111,,True,True,True,,,,
tribalsite,111,,True,True,True,,,,
sitesite,111,the.sitesite,True,True,True,,,,
degenzoo,111,,True,True,True,,,,
moreshop,111,,True,True,True,,,,
247w3,111,,True,True,True,5C,,,
illionth,111,,True,True,True,,,,
boredaip,111,,True,True,True,,,,
openuser,111,,True,True,True,,,,
grandmoon,111,,True,True,True,,,,
token-wallet,111,,True,True,True,,,,
blackmount,111,,True,True,True,,,,
nudetoken,111,,True,True,True,,,,
bitcoinstacker,111,,True,True,True,,,,
gostilij,111,Slovenian 'inns',True,True,True,,,,
torosbravos,111,,True,True,True,,,,
gomasta,111,Master of Go language,True,True,True,,,,
andudu,111,".. and doodoo .. well, wot a load of ..........!",True,True,True,,,,
srebrnica,111,https://en.wikipedia.org/wiki/Srebrenica,True,True,True,,,,
sorde,111,IT deaf,True,True,True,5L,,,
spanici,111,IT spanic,True,True,True,,,,
sosici,111,SOS ici FR] - 'Help here!' .. ALSO a place in Croatia,True,True,True,,,,
solaje,111,ES solace,True,True,True,,,,
tkoin,111,tko [total knockout] coin,True,True,True,5L,,,
coolary,111,a Studio on Scratch,True,True,True,,,,
getbtcx,111,,True,True,True,,,,
dicts,111,dictionaries \ dictates,True,True,True,5L,,,
n-u-d-e,111,,True,True,True,,,,
tro1,111,,True,True,True,4C,,,
btcstockpile,111,,True,True,True,,,,
dints,111,,True,True,True,5L,,,
dipso,111,Slang: Disparaging and Offensive. a habitual drinker of alcohol who is frequently intoxicated; a dipsomaniac,True,True,True,5L,,,
bytecoinbroker,111,,True,True,True,,,,
carbonita,111,ES 'carbonite',True,True,True,,,,
cryptmonk,111,,True,True,True,,,,
apktech,111,,True,True,True,,,,
aac1,111,,True,True,True,4C,,,
adu0,111,a Duo,True,True,True,4C,,,
afo0,111,a Foo was 'ere :-),True,True,True,4C,,,
adh4,111,"Of course, anyone ADHD will hav realised the fourth letter is 'D' lol :-) !",True,True,True,4C,,,
fruitandveg,111,,True,True,True,,,,
spued,111,spewed,True,True,True,5L,,,
wildplaces,111,,True,True,True,,,,
fomomofos,111,,True,True,True,,,,
24680,111,,True,True,True,5D,,,
seisan,111,,True,True,True,,,,
nordsud,111,FR 'north-south',True,True,True,,,,
galacticnode,111,,True,True,True,,,,
hnsbandana,123,,True,True,True,,,,
jpgking,123,,True,True,True,,,,
cryptominersgroup,170,,True,True,True,,,,
xn--ehq45fkxb6w6e,183,One hundred and eighty-three,True,True,True,"PUNY_IDNA,CJK",百八十三,Chinese/Japanese/Korean,One hundred and eighty-three
seochecker,201,,True,True,True,,,,
cryptostep,211,,True,True,True,,,,
cryptoyet,211,,True,True,True,,,,
cryptostill,213,,True,True,True,,,,
xn--wine-9f53c,222,,True,True,True,PUNY_IDNA,🍇wine,,
xn--h1adalean,222,crowns,True,True,True,"PUNY_IDNA,Cyrillic",коронки,Cyrillic (Russian/Ukrainian),crowns
xn--lebeb-8ra,222,,True,True,True,PUNY_IDNA,lebebè,,
xn--80aaty1a,222,they know,True,True,True,"PUNY_IDNA,Cyrillic",знаат,Cyrillic (Russian/Ukrainian),they know
xn--dux-u19a,222,,True,True,True,PUNY_IDNA,⭐dux,,
xn--0s8ha884a,222,,True,True,True,PUNY_IDNA,💸🤝💸,,
xn--mgbpl1fsa,222,Our master,True,True,True,"PUNY_IDNA,Arabic",سيدنا,Arabic/Urdu/Uyghur,Our master
xn--u8j9d,222,turnip,True,True,True,"PUNY_IDNA,Japanese",かぶ,Japanese,turnip
xn--cekaa,222,Yoyoyo,True,True,True,"PUNY_IDNA,Japanese",ヨヨヨ,Japanese,Yoyoyo
xhack,2222,,True,True,True,5L,,,
luffas,222,,True,True,True,,,,
enspartners,222,,True,True,True,,,,
planshe,222,plan-she | plans-he,True,True,True,,,,
nowhat,222,"Now What!? | No, What?",True,True,True,,,,
seoguy,222,,True,True,True,,,,
freshraw,222,,True,True,True,,,,
campingholiday,222,,True,True,True,,,,
salesweb,222,,True,True,True,,,,
salespipe,222,,True,True,True,,,,
spellmaster,222,,True,True,True,,,,
marihuanna,222,,True,True,True,,,,
asktheinternet,222,,True,True,True,,,,
canadaworkvisa,222,,True,True,True,,,,
aiquery,222,,True,True,True,,,,
drugdex,222,,True,True,True,,,,
beefprice,222,,True,True,True,,,,
sportcritic,222,,True,True,True,,,,
lifespin,222,,True,True,True,,,,
nastyuk,222,nasty yuk | nasty UK,True,True,True,,,,
indiaway,222,India way | India away,True,True,True,,,,
everyai,222,,True,True,True,,,,
lunarai,222,,True,True,True,,,,
sayut,222,,True,True,True,5L,,,
ucorps,222,,True,True,True,,,,
aiguides,222,,True,True,True,,,,
lostbtc,222,,True,True,True,,,,
bagaco,222,bag a co [grab a company] \ PT 'brandy',True,True,True,,,,
geometra,222,IN 'geometrician' | genus of moths,True,True,True,,,,
kelime,222,,True,True,True,,,,
how2code,222,,True,True,True,,,,
solici,222,ES 'I requested',True,True,True,,,,
vrdrift,222,,True,True,True,,,,
dopego,222,ES 'i hit' | PT 'of the caught',True,True,True,,,,
mintila,222,Mintila Hot Chocolate (Tequila Mint),True,True,True,,,,
wildwallaby,222,,True,True,True,,,,
schaerme,222,DE 'scare',True,True,True,,,,
daory,222,,True,True,True,5L,,,
0x00club,222,,True,True,True,,,,
geekle,222,,True,True,True,,,,
00no,222,oooohh nooo...!\n Get https://www.namebase.io/domains/onoo too!,True,True,True,4C,,,
liikunta,222,"Finnish noun: exercise, movement, physical education",True,True,True,,,,
espan,222,[short Español] |Enhanced Switched Port Analyzer (Cisco) | Electronic and Small Press Authors' Network (Romance Writers of America),True,True,True,5L,,,
melbourneit,222,,True,True,True,,,,
photofacts,222,,True,True,True,,,,
xn--5gqr5yss2a,222,CH\ZH ‘ding rice,True,True,True,"PUNY_IDNA,CJK",丁大米,Chinese/Japanese/Korean,Ding rice
monki,55555,,True,True,True,5L,,,
lunarphase,222,,True,True,True,,,,
fux4,222,,True,True,True,4C,,,
linuks,222,,True,True,True,,,,
ryougae,222,,True,True,True,,,,
xn--e77hibw7p,222,,True,True,True,PUNY_IDNA,🖕🇦🇺,,
kwyt,222,[quit/e],True,True,True,4L,,,
hnsxai,222,,True,True,True,,,,
trustate,222,,True,True,True,,,,
hnssparkly,234,...pprreettttyy..... :D,True,True,True,,,,
divergentcapital,321,,True,True,True,,,,
xn--hvn-xr5ab,333,,True,True,True,PUNY_IDNA,h☰v☰n,,
xn--z38hde,333,,True,True,True,PUNY_IDNA,😺😸😻,,
recorrio,333,"ES 'toured, verb: travel, walk, tour'",True,True,True,,,,
polygraphy,333,,True,True,True,,,,
codesk,333,,True,True,True,,,,
bullride,333,,True,True,True,,,,
fingerspelling,333,"Representation of the letters of a writing system, and sometimes numeral systems, using only the hands.",True,True,True,,,,
thenbtc,333,,True,True,True,,,,
cryptofact,333,,True,True,True,,,,
cryptoblue,333,,True,True,True,,,,
cryptotype,333,,True,True,True,,,,
choffee,333,,True,True,True,,,,
eculture,333,,True,True,True,,,,
emilitary,333,,True,True,True,,,,
cryptotaoist,333,,True,True,True,,,,
tekko,333,,True,True,True,5L,,,
smallwhale,333,,True,True,True,,,,
froots,333,[fruits],True,True,True,,,,
xn--00w46q,333,CH\ZH ‘white’,True,True,True,"PUNY_IDNA,CJK",浮白,Chinese/Japanese/Korean,white
paleohns,345,want to list early registered names..?,True,True,True,,,,
xn--ehq95fexb6w6e,360,CH\ZH ‘360’,True,True,True,"PUNY_IDNA,CJK",三百六十,Chinese/Japanese/Korean,three hundred and sixty
xn--ehq0m06e,365,CH\ZH ‘3 6 5’,True,True,True,"PUNY_IDNA,CJK",三六五,Chinese/Japanese/Korean,three six five
buildmake,444,,True,True,True,,,,
touristmaps,444,,True,True,True,,,,
4zen,444,,True,True,True,4C,,,
branchise,444,,True,True,True,,,,
crooksncastles,444,https://crooksncastles.com/pages/about-us,True,True,True,,,,
bangaroo,444,Just don't ask awkward questions.......!,True,True,True,,,,
kittenberg,444,A town in Bavaria .. or a _very_ large young cat!,True,True,True,,,,
gehort,444,"DE verb - belong, pertain, appertain, deserve",True,True,True,,,,
glucklich,444,"DE adjective - happy, lucky, fortunate .. adverb - happily, by luck, through luck",True,True,True,,,,
nfteggsurprise,444,,True,True,True,,,,
truffledoge,444,,True,True,True,,,,
dogevote,444,,True,True,True,,,,
up-skill,444,,True,True,True,,,,
typecasting,444,,True,True,True,,,,
tradebody,444,,True,True,True,,,,
btcprincess,444,,True,True,True,,,,
bestcoins,444,,True,True,True,,,,
multitrip,444,,True,True,True,,,,
universalearning,444,,True,True,True,,,,
space1999,444,,True,True,True,,,,
smarthing,444,,True,True,True,,,,
tsmo,444,,True,True,True,4L,,,
photodojo,444,,True,True,True,,,,
idrt,444,,True,True,True,4L,,,
pyot,444,pik-ur-own-talent\team\time\trash | Put Yourself Out There | Print Your Own Tee | magpie | piebald horse,True,True,True,4L,,,
pept,444,"excited, 'pepped' | Philippine Educational Placement Test",True,True,True,4L,,,
uddl,444,p.uddl/ | m.uddl/ | bef.uddle/ | c.uddl/ | h.uddl/,True,True,True,4L,,,
deow,444,remove pain [de-'ow'] - 'healing',True,True,True,4L,,,
kihk,444,kick,True,True,True,4L,,,
cyez,444,cyber-easy | sighs,True,True,True,4L,,,
cyok,444,cyber is good!,True,True,True,4L,,,
cyup,444,cyber-up,True,True,True,4L,,,
byiv,444,by intravenous | In Vitro | _many_ [https://acronyms.thefreedictionary.com/IV],True,True,True,4L,,,
wija,444,ouija [board],True,True,True,4L,,,
cyav,444,cyber-audiovisual | Community Youth Against Violence,True,True,True,4L,,,
mmkm,444,,True,True,True,4L,,,
onoo,444,oooohh nooo...!\n Get ttps://www.namebase.io/domains/00no too!,True,True,True,4L,,,
xleg,444,4char 'cross-leg',True,True,True,4L,,,
tlid,444,4char 'Top-Level ID',True,True,True,4L,,,
klib,444,,True,True,True,4L,,,
krif,444,,True,True,True,4L,,,
tyob,444,,True,True,True,4L,,,
dlem,444,4char meld[rev],True,True,True,4L,,,
hsuh,444,4char hush[rev],True,True,True,4L,,,
hsum,444,4char mush[rev] -drive the dog-team backwards | Health Sciences University of Mongolia,True,True,True,4L,,,
dlim,444,,True,True,True,4L,,,
fuij,444,,True,True,True,4L,,,
ryoc,444,Rule\Run Your Own Country | Roll Your Own Candy\Cigarettes,True,True,True,4L,,,
shif,444,,True,True,True,4L,,,
snrz,444,,True,True,True,4L,,,
snse,444,,True,True,True,4L,,,
shev,444,,True,True,True,4L,,,
orgm,444,orgasm,True,True,True,4L,,,
kkno,444,,True,True,True,4L,,,
mfir,444,,True,True,True,4L,,,
mnab,444,,True,True,True,4L,,,
ijtv,444,ijit tv [idiot tevevision],True,True,True,4L,,,
ebbk,444,big\fat ebook [or .. tide goes out a kay lol],True,True,True,4L,,,
orgq,444,orgy queue,True,True,True,4L,,,
kvhz,444,4char electrical notation [KiloVolt Hertz],True,True,True,4L,,,
sayy,444,,True,True,True,4L,,,
mmft,444,,True,True,True,4L,,,
moaj,444,,True,True,True,4L,,,
mbkf,444,,True,True,True,4L,,,
mrnu,444,,True,True,True,4L,,,
mxes,444,,True,True,True,4L,,,
mxfb,444,,True,True,True,4L,,,
mjob,444,,True,True,True,4L,,,
mjoe,444,,True,True,True,4L,,,
mjox,444,,True,True,True,4L,,,
mwho,444,,True,True,True,4L,,,
mdue,444,,True,True,True,4L,,,
mdud,444,,True,True,True,4L,,,
mgwu,444,,True,True,True,4L,,,
mnap,444,,True,True,True,4L,,,
icav,444,,True,True,True,4L,,,
tsmy,444,,True,True,True,4L,,,
tsmr,444,,True,True,True,4L,,,
pesk,444,,True,True,True,4L,,,
tvea,444,,True,True,True,4L,,,
trrz,444,,True,True,True,4L,,,
peuu,444,,True,True,True,4L,,,
tvew,444,,True,True,True,4L,,,
tdld,444,,True,True,True,4L,,,
rrbt,444,,True,True,True,4L,,,
tvem,444,,True,True,True,4L,,,
jond,444,,True,True,True,4L,,,
xehn,444,,True,True,True,4L,,,
nvyr,444,,True,True,True,4L,,,
qsks,444,q asks .. asks questions,True,True,True,4L,,,
wayy,444,,True,True,True,4L,,,
xdag,444,,True,True,True,4L,,,
oyic,444,,True,True,True,4L,,,
qsld,444,qld sld,True,True,True,4L,,,
ubjw,444,You BE JW,True,True,True,4L,,,
weof,444,,True,True,True,4L,,,
nzhs,444,,True,True,True,4L,,,
nvem,444,envy 'em,True,True,True,4L,,,
pivt,444,,True,True,True,4L,,,
sunrisehns,456,For all things new in Handshake.......,True,True,True,,,,
dyeing,456,Color/colour your life!! :-),True,True,True,,,,
xn--11bug7bu8bwg8ang,555,skateboard,True,True,True,"PUNY_IDNA,Hindi",स्केटबोर्ड,Devanagari (Hindi),skateboard
xn--entrs-esa,555,,True,True,True,PUNY_IDNA,entrés,,
xn--80auevl,555,mask,True,True,True,"PUNY_IDNA,Cyrillic",маску,Cyrillic (Russian/Ukrainian),mask
xn--qei0348muta,555,,True,True,True,PUNY_IDNA,👁❤🔥,,
xn--53tu51j,555,long march,True,True,True,"PUNY_IDNA,CJK",长征,Chinese/Japanese/Korean,long march
xn--g77hwa349aca,555,,True,True,True,PUNY_IDNA,🛰🇨🇳🛰,,
xn--g77hwa23s,555,,True,True,True,PUNY_IDNA,🇨🇳💵,,
xn--4dbagida3all0j,555,Archaeology,True,True,True,"PUNY_IDNA,Hebrew",ארכאולוגיה,Hebrew,Archaeology
xn--mgbc6cyb,555,dominant,True,True,True,"PUNY_IDNA,Arabic",غالب,Arabic/Urdu/Uyghur,dominant
xn--lodaogin3b,555,main,True,True,True,"PUNY_IDNA,Georgian",მთავარი,Georgian,main / home
xn--n8j9a9dug,555,Good luck,True,True,True,"PUNY_IDNA,Japanese",ばんざい,Japanese,Good luck
xn--88j6eta,555,do,True,True,True,"PUNY_IDNA,Japanese",をする,Japanese,do
xn--nft-eza,555,nftś,True,True,True,"PUNY_IDNA,European",nftś,European (Latin Extended),nftś
xn--koa00ik53b,555,ɴғᴛ,True,True,True,"PUNY_IDNA,Cyrillic",ɴғᴛ,Cyrillic (Russian/Ukrainian),ɴғᴛ
xn--qrq961b,555,Cowardly,True,True,True,"PUNY_IDNA,CJK",怂佳,Chinese/Japanese/Korean,Cowardly
xn--9dbr0a,555,get up,True,True,True,"PUNY_IDNA,Hebrew",קמו,Hebrew,get up
ny-us,555,,True,True,True,5C,,,
sname,555,,True,True,True,5L,,,
shopdaily,555,,True,True,True,,,,
hergear,555,,True,True,True,,,,
slowtravel,555,,True,True,True,,,,
kittenbach,555,"Town in Styria, Austria .. or a very musical young cat!",True,True,True,,,,
highfivehandshake,555,,True,True,True,,,,
bighandshake,555,,True,True,True,,,,
godupdates,555,,True,True,True,,,,
bosseye,555,In jamaica this word means looking or waiting for a bus; in trinidad it means looking or wanting to get punched [urbandictionary].,True,True,True,,,,
handshakeoasis,555,,True,True,True,,,,
nowhandshake,555,,True,True,True,,,,
wildcaughtfish,555,,True,True,True,,,,
gamifies,555,,True,True,True,,,,
coinbeg,555,,True,True,True,,,,
countme,555,,True,True,True,,,,
indiair,555,,True,True,True,,,,
cantori,555,IT 'singers',True,True,True,,,,
rememe,555,,True,True,True,,,,
kanggaru,555,Malay 'kangaroo',True,True,True,,,,
maskdoge,555,,True,True,True,,,,
dunyasi,555,"Azerbaijani, Javanese, Kyrgyz, Malay, Sundanese, Swahili, Tajik, Turkish, Turkmen, Uzbek .. 'world [is]'",True,True,True,,,,
australianmuscle,555,,True,True,True,,,,
aussiemuscle,555,,True,True,True,,,,
solhus,555,Nordic\Scandanavian 'solar house',True,True,True,,,,
catspaws,555,,True,True,True,,,,
xbbq,555,,True,True,True,4L,,,
handshaketothemoon,556,,True,True,True,,,,
btc_archive,666,,True,True,True,,,,
6gun,666,,True,True,True,4C,,,
darkbet,666,,True,True,True,,,,
hodlbag,777,,True,True,True,,,,
s-e-l-l,777,,True,True,True,,,,
cryptopersia,777,,True,True,True,,,,
tacoverse,777,,True,True,True,,,,
tacoify,777,,True,True,True,,,,
lifeview,777,,True,True,True,,,,
xn--45qqoj7c44m,888,Eight-point gentleman,True,True,True,"PUNY_IDNA,CJK",八分君子,Chinese/Japanese/Korean,Eight-point gentleman
ethyk,888,,True,True,True,5L,,,
darkdweb,888,,True,True,True,,,,
chinesewine,888,,True,True,True,,,,
cryptoasians,888,,True,True,True,,,,
chinarang,888,,True,True,True,,,,
chinarati,888,,True,True,True,,,,
surfas,888,,True,True,True,,,,
moongoat,888,Gone to the Moon as Greatest Of All Time !!,True,True,True,,,,
secretspot,888,,True,True,True,,,,
ate88,888,,True,True,True,5C,,,
methusala,969,1HNS for the years he's said to have lived :-),True,True,True,,,,
holistichns,999,,True,True,True,,,,
cloudcannabis,999,,True,True,True,,,,
precrowd,999,,True,True,True,,,,
kittenegg,999,Imagine it :-) !!,True,True,True,,,,
boassa,999,PT 'goodness',True,True,True,,,,
minerz,1010,,True,True,True,,,,
xn--15q26v,1111,CH\ZH ‘all seasons’,True,True,True,"PUNY_IDNA,CJK",全季,Chinese/Japanese/Korean,All seasons
diyshed,1111,,True,True,True,,,,
1000words,1111,Just picture it .....!,True,True,True,,,,
googlez,1234,,True,True,True,,,,
hucx,1234,,True,True,True,4L,,,
cilk,1234,,True,True,True,4L,,,
theforks,1234,If you really need to give a mate something special....!,True,True,True,,,,
movenft,1414,,True,True,True,,,,
blockcorp,1515,,True,True,True,,,,
cryptoshoot,2112,,True,True,True,,,,
xn--z7xaa,2222,cat cat cat,True,True,True,"PUNY_IDNA,CJK",猫猫猫,Chinese/Japanese/Korean,cat cat cat
xn--80apmj,2222,had,True,True,True,"PUNY_IDNA,Cyrillic",имао,Cyrillic (Russian/Ukrainian),had
tobut,2222,"to say 'but...' [OR.. Uzbek 'coffin' .. OR .. a populated place in the municipality of Lopare, Bosnia and Herzegovina]",True,True,True,5L,,,
andata,2222,and data [OR .. IT 'gone'],True,True,True,,,,
dolea,2222,ES 'it hurts',True,True,True,5L,,,
holistique,2788,FR 'holistic'.,True,True,True,,,,
elgoogle,3190.0913,,True,True,True,,,,
xn--4gqra70b,3210,CH\ZH ‘3 2 1’,True,True,True,"PUNY_IDNA,CJK",三二一,Chinese/Japanese/Korean,three two one
bootos,3333,boot OS,True,True,True,,,,
daycrypto,4321,,True,True,True,,,,
xn--e1apl,5555,dream,True,True,True,"PUNY_IDNA,Cyrillic",сне,Cyrillic (Russian/Ukrainian),dream
xn--80aaq9bh,5555,horror,True,True,True,"PUNY_IDNA,Cyrillic",ужаса,Cyrillic (Russian/Ukrainian),horror
xn--v77hga61r,5555,,True,True,True,PUNY_IDNA,💖🇷🇺,,
10100111001,7331,binary of 1337 decimal [leet = elite],True,True,True,,,,
carribeanislands,11111,,True,True,True,,,,
xn--mxa6ajj,55555,map,True,True,True,"PUNY_IDNA,Greek",χαρτ,Greek,map
xn--idk9b,55555,New,True,True,True,"PUNY_IDNA,Japanese",ニュ,Japanese,New
xn--r8j6a8h,55555,Emoji,True,True,True,"PUNY_IDNA,Japanese",えもじ,Japanese,Emoji
xn--45q11cm41a,8888888,Baguazhang,True,False,True,"PUNY_IDNA,CJK",八卦掌,Chinese/Japanese/Korean,Baguazhang
hi.sname,,,False,False,False,,,,
thi.sname,,,False,False,False,,,,
koreataekwondo,,,False,False,True,,,,
xn--ivy-q192b4c,,,False,True,True,PUNY_IDNA,🇦🇺ivy,,
xn--ect323j,,,False,False,True,"PUNY_IDNA,CJK",通宵,Chinese/Japanese/Korean,overnight
xn--j1aiaaavco,,,False,False,True,"PUNY_IDNA,Cyrillic",котофото,Cyrillic (Russian/Ukrainian),the photo
xn--b1aqlekei,,,False,False,True,"PUNY_IDNA,Cyrillic",вотпуск,Cyrillic (Russian/Ukrainian),vacation
xn--1ug1455p8fa,,,False,True,True,"PUNY_ALT,PUNY_INVALID",💕👏,,
xn--1ug1455p9fa,,,False,True,True,"PUNY_ALT,PUNY_INVALID",👏💕,,
xn--ster-vqa,,,False,True,True,PUNY_IDNA,sôter,,
xn--cde-ho6a,,,False,True,True,PUNY_IDNA,c❄de,,
xn--d9b4ae0a3gef,,,False,True,True,PUNY_IDNA,ਦੀਕਿਤਾਬ,,
xn--shutter-m43kr94o,,,False,False,True,"PUNY_IDNA,CJK",shutter中文,Chinese/Japanese/Korean,shutterChinese
xn--9o8hqe95ck0epa,,,False,True,True,PUNY_IDNA,🐵🙃🤓🤖👽,,
xn--on8ha90h53aca,,,False,True,True,PUNY_IDNA,🙏🏽🕉🙏🏽,,
xn--9o8hqe95ck0eqa,,,False,True,True,PUNY_IDNA,🐵🙃🤓👽🤖,,
xn--lo8hk4aycty,,,False,True,True,PUNY_IDNA,🚫😢🐝😂,,
xn--64h4989nda,,,False,True,True,PUNY_IDNA,☹🎵🎶,,
xn--pciv848mbda,,,False,True,True,PUNY_IDNA,🐝✝👀,,
xn--gs8hvx,,,False,True,True,PUNY_IDNA,😟💤,,
xn--2p8h3cy7m,,,False,True,True,PUNY_IDNA,💀🤝👑,,
xn--h4h8091oja,,,False,True,True,PUNY_IDNA,☠🤝🤠,,
xn--h4h2510oi9c,,,False,True,True,PUNY_IDNA,☠🤝👑,,
xn--hoh66f56ag053i,,,False,True,True,PUNY_IDNA,⏰➕👃☕,,
xn--ml8hc72p,,,False,True,True,PUNY_IDNA,😓🎵🎶,,
xn--64h4989n,,,False,True,True,PUNY_IDNA,☹🎵,,
xn--5p9hia,,,False,True,True,PUNY_IDNA,🤝🤡,,
xn--0p9hyl,,,False,True,True,PUNY_IDNA,🤘🧔,,
xn--v4h83a2671i,,,False,True,True,PUNY_IDNA,☮✊🏾,,
xn--f77hbd1d,,,False,True,True,PUNY_IDNA,🇨🇩🇧🇷,,
xn--2p8h50f,,,False,True,True,PUNY_IDNA,🤡👑,,
xn--6bi2648mteaa,,,False,True,True,PUNY_IDNA,✋🏿🐴🐴,,
xn--kg8h8m,,,False,True,True,PUNY_IDNA,🌄🏕,,
xn--57h4771o,,,False,True,True,PUNY_IDNA,⚡🥁,,
xn--57h0579n,,,False,True,True,PUNY_IDNA,⚡🎹,,
xn--on8hea15ab,,,False,True,True,PUNY_IDNA,👰🏽👰🏿,,
xn--nl8h91b,,,False,True,True,PUNY_IDNA,😘🎶,,
xn--is8hka,,,False,True,True,PUNY_IDNA,💦💫,,
xn--9o8hkhx1j,,,False,True,True,PUNY_IDNA,🐵🤝💪,,
xn--64h4989nca,,,False,True,True,PUNY_IDNA,☹🎶🎵,,
xn--pr9hwa23a,,,False,True,True,PUNY_IDNA,🥓🥞🧈,,
quirioco,,,False,True,True,,,,
xn--6bi2648mkbaa,,,False,True,True,PUNY_IDNA,✋🏿🐎🐎,,
xn--l3h20aja22528bfaghij,,,False,True,True,PUNY_IDNA,☁⛅⛈🌤🌥🌦🌧🌨🌩,,
xn--ml8hc63p,,,False,True,True,PUNY_IDNA,😖🎵🎶,,
xn--t38hmg,,,False,True,True,PUNY_IDNA,😲🚘,,
xn--q68hp5c,,,False,True,True,PUNY_IDNA,🧐🚘,,
xn--j38h5g,,,False,True,True,PUNY_IDNA,🚘😨,,
xn--g6h9410oeaesot60sdxq,,,False,True,True,PUNY_IDNA,💓🖤♥💙💔🧡💞💕💛,,
xn--v4h8220o,,,False,True,True,PUNY_IDNA,☮💓,,
xn--em8hzc61p,,,False,True,True,PUNY_IDNA,🤚🏽🏐,,
xn--7biw910n,,,False,True,True,PUNY_IDNA,🤏✌,,
xn--8biw468m,,,False,True,True,PUNY_IDNA,✍💅,,
xn--eih9625p,,,False,True,True,PUNY_IDNA,🚫⌛,,
xn--ug8h7a,,,False,True,True,PUNY_IDNA,🌟🌎,,
xn--lv8hii,,,False,True,True,PUNY_IDNA,🔒🖖,,
xn--mn8h7ez3c,,,False,True,True,PUNY_IDNA,👌🏻😍,,
xn--5k8h7s,,,False,True,True,PUNY_IDNA,📖🎥,,
xn--45qu04cprp,,,False,True,True,"PUNY_IDNA,CJK",紅八月,Chinese/Japanese/Korean,紅八月
xn--xp8hyg,,,False,True,True,PUNY_IDNA,👌💸,,
xn--b00bies,,,False,True,True,PUNY_IDNA,끙끓끗끝,,
xn--is8ha8b,,,False,True,True,PUNY_IDNA,💦💵💦,,
xn--vs8hdjn,,,False,True,True,PUNY_IDNA,💵💸💳💻,,
xn--pps-5ycb,,,False,True,True,"PUNY_IDNA,Greek",pξpξs,Greek,pξpξs
xn--v4h9380o,,,False,True,True,PUNY_IDNA,😿☮,,
xn--ns8hnvne,,,False,True,True,PUNY_IDNA,😂😵💫,,
xn--g28hib,,,False,True,True,PUNY_IDNA,😂😖,,
xn--h4hz770o,,,False,True,True,PUNY_IDNA,😂☠,,
xn--5biy519m,,,False,True,True,PUNY_IDNA,😂✊,,
xn--v4h1191o,,,False,True,True,PUNY_IDNA,🤯☮,,
xn--v4h5480o,,,False,True,True,PUNY_IDNA,🙄☮,,
xn--v4h9091o,,,False,True,True,PUNY_IDNA,🤬☮,,
xn--us8hz5e,,,False,True,True,PUNY_IDNA,🤯💲,,
xn--xv8h9o,,,False,True,True,PUNY_IDNA,😐🔞,,
xn--gecl5dc,,,False,True,True,PUNY_IDNA,પિતા,,
xn--r77hna07v,,,False,True,True,PUNY_IDNA,🔭🇺🇳,,
xn--i48hg6chc,,,False,True,True,PUNY_IDNA,🙊🦧🦍,,
xn--9hcd8cb,,,False,True,True,PUNY_IDNA,ବାପା,,
xn--oidg6c1h,,,False,True,True,PUNY_IDNA,ဖခင်,,
xn--goc6dh4c1dzd,,,False,True,True,PUNY_IDNA,తండ్రి,,
xn--9n8hpt,,,False,True,True,PUNY_IDNA,🕊🐒,,
xn--2p8h96f,,,False,True,True,PUNY_IDNA,🦃👑,,
xn--rn8h7e,,,False,True,True,PUNY_IDNA,👑🐀,,
xn--2p8hhf,,,False,True,True,PUNY_IDNA,💥👑,,
xn--2p8hjl,,,False,True,True,PUNY_IDNA,🔆👑,,
xn--2p8htq,,,False,True,True,PUNY_IDNA,🕛👑,,
xn--1q8hoj,,,False,True,True,PUNY_IDNA,👳🔊,,
xn--1q8hnj,,,False,True,True,PUNY_IDNA,🔊👳,,
xn--0q8hpj,,,False,True,True,PUNY_IDNA,🔊👲,,
xn--0q8hqj,,,False,True,True,PUNY_IDNA,👲🔊,,
xn--dv8h16e,,,False,True,True,PUNY_IDNA,🦘🔊,,
xn--2p8hnb29a,,,False,True,True,PUNY_IDNA,👨🔬👑,,
xn--2p8hpby7a,,,False,True,True,PUNY_IDNA,👩🔬👑,,
xn--dv8hj8e,,,False,True,True,PUNY_IDNA,🦯🔊,,
xn--dv8hk8e,,,False,True,True,PUNY_IDNA,🔊🦯,,
xn--mm8het,,,False,True,True,PUNY_IDNA,🏘🔊,,
xn--kg8hm6a,,,False,True,True,PUNY_IDNA,🌄🔊,,
xn--ug8h89h,,,False,True,True,PUNY_IDNA,🌎🦯,,
xn--ug8h80h,,,False,True,True,PUNY_IDNA,🌎🤟,,
xn--ug8h82h,,,False,True,True,PUNY_IDNA,🌎🤿,,
xn--43h4080o,,,False,True,True,PUNY_IDNA,☔😍,,
xn--n3h9280o,,,False,True,True,PUNY_IDNA,😍☃,,
xn--98h2529m,,,False,True,True,PUNY_IDNA,😍⛈,,
xn--p28hx9c,,,False,True,True,PUNY_IDNA,🦇😋,,
xn--tu8hiu,,,False,True,True,PUNY_IDNA,📷😻,,
xn--cr8hth,,,False,True,True,PUNY_IDNA,📷👽,,
xn--h4hx930o,,,False,True,True,PUNY_IDNA,📷☠,,
xn--tu8h40e,,,False,True,True,PUNY_IDNA,📷🤦,,
xn--3n1b4fa743m,,,False,True,True,PUNY_IDNA,도도덱스,,
xn--ug8h03h,,,False,True,True,PUNY_IDNA,🌎🥋,,
xn--ug8h71h,,,False,True,True,PUNY_IDNA,🤯🌎,,
xn--ohm-e0c,,,False,True,True,"PUNY_IDNA,Greek",ωohm,Greek,ωohm
xn--1o8hs6a,,,False,True,True,PUNY_IDNA,🐭😶,,
xn--1o8hr6a,,,False,True,True,PUNY_IDNA,😶🐭,,
xn--1o8h04g,,,False,True,True,PUNY_IDNA,🐭🧚,,
xn--1o8hz4g,,,False,True,True,PUNY_IDNA,🧚🐭,,
xn--fr8hsc,,,False,True,True,PUNY_IDNA,💀💩,,
xn--m9h2678m,,,False,True,True,PUNY_IDNA,⛔💩,,
xn--75gy1u,,,False,True,True,PUNY_IDNA,❤↔,,
xn--7o8hd,,,False,True,True,PUNY_IDNA,🐵🐳,,
xn--zn8h52g,,,False,True,True,PUNY_IDNA,🦘🐈,,
xn--ns8h02f,,,False,True,True,PUNY_IDNA,💫🦘,,
xn--0t8hb,,,False,True,True,PUNY_IDNA,📜📛,,
xn--1o8hu2f,,,False,True,True,PUNY_IDNA,🐭🤗,,
xn--1o8ht2f,,,False,True,True,PUNY_IDNA,🤗🐭,,
xn--gmqq18e,,,False,False,True,"PUNY_IDNA,CJK",游人,Chinese/Japanese/Korean,tourist
xn--3k8h1a,,,False,True,True,PUNY_IDNA,🎱🎣,,
xn--nm8h1t,,,False,True,True,PUNY_IDNA,🔗🏙,,
xn--ltr54y,,,False,False,True,"PUNY_IDNA,CJK",性命,Chinese/Japanese/Korean,life
xn--look,,,False,True,True,PUNY_IDNA,䕳䕸,,
xn--ss8hpz,,,False,True,True,PUNY_IDNA,🙈💰,,
xn--le5bt3b,,,False,True,True,PUNY_IDNA,이안,,
xn--85bhk3j,,,False,True,True,PUNY_IDNA,বন্য,,
xn--r5b8b8bj,,,False,True,True,PUNY_IDNA,গাভী,,
xn--2w2b155a,,KO ‘tsar’,False,True,True,PUNY_IDNA,차르,,
xn--hmf,,,False,True,True,PUNY_IDNA,ᨘ,,
vsjpqasq6hn5bckx6ptohyhf54virvpbi4577ra6fumq4ri7mrca,,,False,True,True,,,,
crzghcsjz2cwpxfgluhfdp5uvhffhsgvlfj3nxywpksrc7ve5dqa,,,False,True,True,,,,
htjoepo376i4q546bdr652w6yik3e63767a3us2wt7hxdtet4uta,,,False,True,True,,,,
happy21st,,,False,True,True,,,,
nznznz,,,False,True,True,,,,
xn--g77hwa02n,,,False,True,True,PUNY_IDNA,🐋🇨🇳,,
xn--qeiz367mmba,,,False,True,True,PUNY_IDNA,❤🇸🇨,,
xn--yvhej,,,False,True,True,PUNY_IDNA,⓶⓸⓻,,
xn--u71h4a,,,False,True,True,PUNY_ALT,𝕀𝕏,,
xn--qn8h4ik0a,,,False,True,True,PUNY_IDNA,🖖🏿💎,,
xn--qn8h4iq8b,,,False,True,True,PUNY_IDNA,🙌🏿💎,,
xn--qn8h4ih0j,,,False,True,True,PUNY_IDNA,🤙🏿💎,,
xn--4gqu4ltz1b,,,False,False,True,"PUNY_IDNA,CJK",一程又,Chinese/Japanese/Korean,another journey
xn--qei4438muga,,,False,True,True,PUNY_IDNA,❤👌🏿,,
teaorange,,,False,False,True,,,,
tvpool,,,False,True,True,,,,
boatdeck,,,False,True,True,,,,
keptman,,,False,True,True,,,,
mygrane,,,False,True,True,,,,
epicwit,,,False,True,True,,,,
bidblitz,,,False,True,True,,,,
basicpets,,,False,True,True,,,,
barnap,,,False,True,True,,,,
lowgear,,,False,True,True,,,,
barbituism,,,False,True,True,,,,
shedcar,,,False,True,True,,,,
hisgirl,,,False,True,True,,,,
seperate,,,False,True,True,,,,
inslowmo,,,False,True,True,,,,
bacchic,,,False,False,True,,,,
0xusa,,,False,True,True,5C,,,
xn--m77hqa322a,,,False,True,True,PUNY_IDNA,😃🇮🇶,,
xn--m77hd242a,,,False,True,True,PUNY_IDNA,😃🇰🇮,,
xn--m77hga832a,,,False,True,True,PUNY_IDNA,😃🇮🇱,,
xn--m77hia532a,,,False,True,True,PUNY_IDNA,😃🇮🇲,,
xn--v77hga112a,,,False,True,True,PUNY_IDNA,😃🇷🇺,,
xn--g5h3270o,,,False,True,True,PUNY_IDNA,😃♂,,
xn--i77h6a30v,,,False,True,True,PUNY_IDNA,😃🇪🇺,,
xn--m77hwa412a,,,False,True,True,PUNY_IDNA,😃🇮🇹,,
xn--h77hja842a,,,False,True,True,PUNY_IDNA,😃🇮🇩,,
xn--m77hsa022a,,,False,True,True,PUNY_IDNA,😃🇮🇷,,
xn--vg8hh1c,,,False,True,True,PUNY_IDNA,😃🌏,,
xn--tg8hl1c,,,False,True,True,PUNY_IDNA,😃🌍,,
xn--ug8hj1c,,,False,True,True,PUNY_IDNA,😃🌎,,
xn--t77hia412a,,,False,True,True,PUNY_IDNA,😃🇵🇹,,
xn--p77hd332a,,,False,True,True,PUNY_IDNA,😃🇳🇱,,
xn--m77hma922a,,,False,True,True,PUNY_IDNA,😃🇮🇴,,
xn--e5h7270o,,,False,True,True,PUNY_IDNA,😃♀,,
xn--9o8h12a,,,False,True,True,PUNY_IDNA,😃🐵,,
xn--h77h5a70v,,,False,True,True,PUNY_IDNA,😃🇹🇩,,
xn--v77hd512a,,,False,True,True,PUNY_IDNA,😃🇹🇷,,
xn--s77hja512a,,,False,True,True,PUNY_IDNA,😃🇹🇴,,
xn--x77ha412a,,,False,True,True,PUNY_IDNA,😃🇹🇹,,
0xtax,,,False,False,True,5C,,,
0xvc,,,False,True,True,4C,,,
truistic,,,False,False,True,,,,
apatetic,,,False,False,True,,,,
wvim,,,False,True,True,4L,,,
faxt,,,False,True,True,4L,,,
warw,,,False,True,True,4L,,,
uggb,,,False,True,True,4L,,,
annualsailingtrip,,,False,False,True,,,,
ontheqt,,,False,True,True,,,,
xn--uvz,,,False,True,True,"PUNY_IDNA,CJK",笔,Chinese/Japanese/Korean,Pen
dinersabc,,,False,True,True,,,,
dinerabc,,,False,True,True,,,,
rugowner,,,False,True,True,,,,
arsit,,,False,True,True,5L,,,
orthx,,,False,True,True,5L,,,
ripz,,,False,False,True,4L,,,
ribx,,,False,True,True,4L,,,
etsgo,,,False,True,True,5L,,,
tvlaw,,,False,True,True,5L,,,
itlooksrare,,,False,True,True,,,,
zdddz,,,False,True,True,5L,,,
xn--kis,,,False,True,True,"PUNY_IDNA,CJK",埄,Chinese/Japanese/Korean,埄
goldsite,,,False,True,True,,,,
beastepic,,,False,True,True,,,,
xn--r28hma,,,False,True,True,PUNY_IDNA,😍😓,,
xn--r28hoc,,,False,True,True,PUNY_IDNA,😍😴,,
xn--r28hnc,,,False,True,True,PUNY_IDNA,😴😍,,
xn--g08h0f,,,False,True,True,PUNY_IDNA,🖼😙,,
xn--g08hzf,,,False,True,True,PUNY_IDNA,😙🖼,,
xn--g08h1f,,,False,True,True,PUNY_IDNA,😚🖼,,
xn--g08h2f,,,False,True,True,PUNY_IDNA,🖼😚,,
xn--r28hh8c,,,False,True,True,PUNY_IDNA,🥱😍,,
xn--r28hwb,,,False,True,True,PUNY_IDNA,😍😨,,
xn--r28hgb,,,False,True,True,PUNY_IDNA,😍😠,,
xn--r28hpb,,,False,True,True,PUNY_IDNA,😥😍,,
xn--r28hvb,,,False,True,True,PUNY_IDNA,😨😍,,
xn--r28hi8c,,,False,True,True,PUNY_IDNA,😍🥱,,
xn--r28hfb,,,False,True,True,PUNY_IDNA,😠😍,,
entric,,,False,True,True,,,,
leschats,,,False,True,True,,,,
eslaw,,,False,True,True,5L,,,
encer,,,False,True,True,5L,,,
eremy,,,False,True,True,5L,,,
izlaw,,,False,True,True,5L,,,
domainsau,,,False,False,True,,,,
copycatnft,,,False,True,True,,,,
nzdefi,,,False,True,True,,,,
sunsout,,,False,True,True,,,,
xn--zt8hzb,,,False,False,True,PUNY_IDNA,📷📚,,
dwebstat,,,False,True,True,,,,
apisweb,,,False,True,True,,,,
uimenu,,,False,True,True,,,,
iknow,,,False,False,True,5L,,,
xn--24x,,,False,True,True,"PUNY_IDNA,CJK",狅,Chinese/Japanese/Korean,狅
xn--zoq,,,False,True,True,"PUNY_IDNA,CJK",伓,Chinese/Japanese/Korean,伓
365health,,,False,True,True,,,,
aaalife,,,False,True,True,,,,
abcloudz,,,False,True,True,,,,
ageright,,,False,True,True,,,,
airside,,,False,True,True,,,,
cardhatch,,,False,False,True,,,,
ivegotit,,,False,True,True,,,,
xn--e18h0m,,,False,False,True,PUNY_IDNA,🗝🚪,,
xn--flq,,,False,False,True,"PUNY_IDNA,CJK",亖,Chinese/Japanese/Korean,俖
xn--e77hib.xn--nn8hc254cfa,,,False,False,True,PUNY_IDNA,🇦🇺.🫱🏼🫲🏽,,
hn.sname,,,False,False,True,,,,
hns.xn--nn8hc254cfa,,,False,False,True,,,,
yay.iknow,,,False,False,True,,,,
no.trolling,,,False,False,True,,,,
jawa,,,False,False,True,4L,,,
