domains,tags,price,unicode,descript-IDNA,translate-IDNA,description
xn--5qs043gm4o,"PUNY_IDNA,CJK",11,壱肆零,Chinese/Japanese/Korean,Yi Si Ling,
xn--7or33cz1i,"PUNY_IDNA,CJK",11,小嘎古,Chinese/Japanese/Korean,Xiaogagu,
xn--4gqf1661b,"PUNY_IDNA,CJK",11,苏七一,Chinese/Japanese/Korean,Su Qiyi,
xn--v4q876chxj,"PUNY_IDNA,CJK",11,病柿儿,Chinese/Japanese/Korean,sick persimmon,
xn--qiq305abwg,"PUNY_IDNA,CJK",11,小撸丸,Chinese/Japanese/Korean,Shohinmaru,
xn--7gqu0nv9fxx4d,"PUNY_IDNA,CJK",11,七味子酱,Chinese/Japanese/Korean,shichimizi sauce,
xn--ihqw43bt1a,"PUNY_IDNA,CJK",11,悔不归,Chinese/Japanese/Korean,regret not returning,
xn--4gq34g41ft06a9ne9yg,"PUNY_IDNA,CJK",11,净土一片空白,Chinese/Japanese/Korean,Pure land is blank,
xn--7or316ba,"PUNY_IDNA,CJK",11,木木古,Chinese/Japanese/Korean,Mumugu,
xn--wcso80ahyv,"PUNY_IDNA,CJK",11,美图控,Chinese/Japanese/Korean,Meitu control,
xn--i8s110l,"PUNY_IDNA,CJK",11,雷子,Chinese/Japanese/Korean,Lei Zi,
xn--w4r085g,"PUNY_IDNA,CJK",11,嘉约,Chinese/Japanese/Korean,Kaisei,
xn--2nyw4as3q,"PUNY_IDNA,CJK",11,画皮网,Chinese/Japanese/Korean,Huapi.com,
xn--kkrv36b4sl,"PUNY_IDNA,CJK",11,暗白十,Chinese/Japanese/Korean,dark white ten,
xn--qtr38n,"PUNY_IDNA,CJK",11,宝咂,Chinese/Japanese/Korean,Baosha,
xn--4gqt5yruvxp1ba,"PUNY_IDNA,CJK",11,一大班鳮鳮,Chinese/Japanese/Korean,A large group of Taobao [skewer],
vatersreith,,11,,,,
xn--mbtv33k,"PUNY_IDNA,CJK",22,鑒定,Chinese/Japanese/Korean,鑒定,
xn--7dvr85a,"PUNY_IDNA,CJK",22,甄文,Chinese/Japanese/Korean,甄文,
xn--21xxx,"PUNY_IDNA,CJK",22,獼牜,Chinese/Japanese/Korean,獼牜,
xn--zlv572c,"PUNY_IDNA,CJK",22,暗網,Chinese/Japanese/Korean,暗網,
xn--sound,"PUNY_IDNA,CJK",22,戰扙,Chinese/Japanese/Korean,戰扙,
xn--0et699l,"PUNY_IDNA,CJK",22,少鯰,Chinese/Japanese/Korean,少鯰,
xn--sprr0j,"PUNY_IDNA,CJK",22,壽司,Chinese/Japanese/Korean,壽司,
xn--hero,"PUNY_IDNA,CJK",22,剬剳,Chinese/Japanese/Korean,剬剳,
xn--otx163g,"PUNY_IDNA,CJK",22,鱼然,Chinese/Japanese/Korean,Yuran,
xn--mnq52d,"PUNY_IDNA,CJK",22,兔代,Chinese/Japanese/Korean,Usagi,
xn--kbru3ai78eyr2a,"PUNY_IDNA,CJK",22,十题百分,Chinese/Japanese/Korean,Ten questions percentage,
xn--u2t29l3ta2g120g,"PUNY_IDNA,CJK",22,日月当空曌,Chinese/Japanese/Korean,sun and moon in the sky,
xn--gmq052a1idqui,"PUNY_IDNA,CJK",22,安人心智,Chinese/Japanese/Korean,Soothe people's minds,
xn--fct73wj0lwol,"PUNY_IDNA,CJK",22,智能家电,Chinese/Japanese/Korean,Smart home appliances,
xn--gmqy7wu0bdy9d,"PUNY_IDNA,CJK",22,舰大官人,Chinese/Japanese/Korean,ship officer,
xn--nnuo6i,"PUNY_IDNA,CJK",22,戈朗,Chinese/Japanese/Korean,Gorang,
xn--cest9bgz1cspx,"PUNY_IDNA,CJK",22,足球天地,Chinese/Japanese/Korean,football world,
xn--5ey295at7g4jd,"PUNY_IDNA,CJK",22,足球部落,Chinese/Japanese/Korean,football tribe,
xn--rss99nx8o,"PUNY_IDNA,CJK",22,恒天然,Chinese/Japanese/Korean,Fonterra,
xn--jn2ar3z,"PUNY_IDNA,CJK",22,行间,Chinese/Japanese/Korean,between lines,
xn--cest9bgz1cwhh,"PUNY_IDNA,CJK",22,篮球天地,Chinese/Japanese/Korean,basketball world,
xn--5eyv2omohvtn,"PUNY_IDNA,CJK",22,篮球部落,Chinese/Japanese/Korean,basketball tribe,
xn--49s82e,"PUNY_IDNA,CJK",22,安庆,Chinese/Japanese/Korean,Anqing,
brandapparel,,22,,,,
xn--hpab728e2mx4yp,"PUNY_IDNA,Japanese",55,ʕಠ⌓メʔ,Japanese,ʕಠ⌓meʔ,
xn--4gqx7jnva,"PUNY_IDNA,CJK",55,向一北,Chinese/Japanese/Korean,To the north,
xn--rss41d,"PUNY_IDNA,CJK",55,天宫,Chinese/Japanese/Korean,Tiangong,
xn--ehq11txq5apbo,"PUNY_IDNA,CJK",55,三国笑话,Chinese/Japanese/Korean,Three Kingdoms Joke,
xn--igt332e,"PUNY_IDNA,CJK",55,立居,Chinese/Japanese/Korean,Settlement,
xn--0sqs95e,"PUNY_IDNA,CJK",55,游侠,Chinese/Japanese/Korean,Ranger,
xn--k91ae,"PUNY_IDNA,CJK",55,蚆蚈,Chinese/Japanese/Korean,mulberry,
xn--co2as1x,"PUNY_IDNA,CJK",55,链表,Chinese/Japanese/Korean,linked list,
xn--e6qp4v,"PUNY_IDNA,CJK",55,孔兴,Chinese/Japanese/Korean,Kong Xing,
xn--y9s633f,"PUNY_IDNA,CJK",55,它组,Chinese/Japanese/Korean,it group,
xn--rd3a12a,"PUNY_IDNA,CJK",55,费访,Chinese/Japanese/Korean,free visit,
xn--krup14b6vt,"PUNY_IDNA,CJK",55,抑郁症,Chinese/Japanese/Korean,depression,
xn--fcsp16dg6bm6t,"PUNY_IDNA,CJK",55,疯狂园艺,Chinese/Japanese/Korean,Crazy gardening,
xn--forex,"PUNY_IDNA,CJK",55,又叒及,Chinese/Japanese/Korean,And again,
xn--fiqv4aq9n72e,"PUNY_IDNA,CJK",55,安佳中国,Chinese/Japanese/Korean,Anchor China,
goldsecret,,55,,,,
xn--4kq62h49jxs4a,"PUNY_IDNA,CJK",111,小二票务,Chinese/Japanese/Korean,Waiter Ticketing,
xn--s1y,"PUNY_IDNA,CJK",111,眛,Chinese/Japanese/Korean,unobservant,
xn--8pr851fjxg,"PUNY_IDNA,CJK",111,联合的,Chinese/Japanese/Korean,United,
xn--hz1a,"PUNY_IDNA,CJK",222,蔥,Chinese/Japanese/Korean,蔥,
xn--l5u,"PUNY_IDNA,CJK",222,摼,Chinese/Japanese/Korean,摼,
xn--dis,"PUNY_IDNA,CJK",222,垽,Chinese/Japanese/Korean,彽,
xn--g1q,"PUNY_IDNA,CJK",222,僇,Chinese/Japanese/Korean,僇,
xn--6tuu7b,"PUNY_IDNA,CJK",222,擦拭,Chinese/Japanese/Korean,wipe,
xn--80ahyzc1d,"PUNY_IDNA,Cyrillic",222,думать,Cyrillic (Russian/Ukrainian),think,
xn--rsvx71g,"PUNY_IDNA,CJK",222,构造,Chinese/Japanese/Korean,structure,
xn--7et36u,"PUNY_IDNA,CJK",222,星尘,Chinese/Japanese/Korean,stardust,
xn--hxyz3a,"PUNY_IDNA,CJK",222,短的,Chinese/Japanese/Korean,short,
xn--4gq759ctz4a,"PUNY_IDNA,CJK",222,一日酱,Chinese/Japanese/Korean,One day sauce,
xn--cmr372e,"PUNY_IDNA,CJK",222,爱卿,Chinese/Japanese/Korean,Love you,
xn--wnuw08b,"PUNY_IDNA,CJK",222,我看,Chinese/Japanese/Korean,I see,
xn--essp57g,"PUNY_IDNA,CJK",222,良夜,Chinese/Japanese/Korean,good night,
xn--oorw50i,"PUNY_IDNA,CJK",222,发芽,Chinese/Japanese/Korean,germination,
xn--kcr34o,"PUNY_IDNA,CJK",222,失利,Chinese/Japanese/Korean,Defeat,
xn--4gb0af,"PUNY_IDNA,Arabic",222,عون,Arabic/Urdu/Uyghur,"aid, succour",
xn--jisw73a,"PUNY_IDNA,CJK",222,埃斯,Chinese/Japanese/Korean,Ace,
xn--4gqz7lx5b01a,"PUNY_IDNA,CJK",222,一只坏噜,Chinese/Japanese/Korean,A bad one/guy,
xn--rsqared-gpf,"PUNY_IDNA,Greek",312,πrsqared,Greek,πrsqared,
xn--edu,"PUNY_IDNA,CJK",555,悡,Chinese/Japanese/Korean,weak,
xn--fiq73fnvbuz3e,"PUNY_IDNA,CJK",555,中医养生,Chinese/Japanese/Korean,Traditional Chinese Medicine Health Care,
xn--i1xu9n,"PUNY_IDNA,CJK",555,版税,Chinese/Japanese/Korean,royalties,
xn--g7q10v2lx,"PUNY_IDNA,CJK",555,孕写真,Chinese/Japanese/Korean,Pregnancy photos,
xn--xpqr20g,"PUNY_IDNA,CJK",555,玩伴,Chinese/Japanese/Korean,playmate,
xn--z3v507a,"PUNY_IDNA,CJK",555,种植,Chinese/Japanese/Korean,planting,
xn--cgtp7q,"PUNY_IDNA,CJK",555,撒尿,Chinese/Japanese/Korean,pee,
xn--9my252c,"PUNY_IDNA,CJK",555,生贡,Chinese/Japanese/Korean,pay tribute,
xn--55q99d,"PUNY_IDNA,CJK",555,公吨,Chinese/Japanese/Korean,mt,
xn--8prq6v,"PUNY_IDNA,CJK",555,合并,Chinese/Japanese/Korean,merge,
xn--p8t,"PUNY_IDNA,CJK",555,怠,Chinese/Japanese/Korean,lazy,
xn--81b9a9b,"PUNY_IDNA,Hindi",555,मजा,Devanagari (Hindi),fun,
xn--wfrr87a,"PUNY_IDNA,CJK",555,手办,Chinese/Japanese/Korean,Figure,
xn--53t698h,"PUNY_IDNA,CJK",555,远征,Chinese/Japanese/Korean,expedition,
xn--4kqv49f02g,"PUNY_IDNA,CJK",555,犯二精,Chinese/Japanese/Korean,Doubtful [being a fool],
xn--6stqm,"PUNY_IDNA,CJK",555,币库,Chinese/Japanese/Korean,Coin library,
xn--b1abqa1abor,"PUNY_IDNA,Cyrillic",2222,говорити,Cyrillic (Russian/Ukrainian),speak,
xn--7hvv09b,"PUNY_IDNA,CJK",2222,简易,Chinese/Japanese/Korean,simple,
xn--dpqaaa,"PUNY_IDNA,CJK",2222,传传传传,Chinese/Japanese/Korean,"Pass on, pass on",
xn--e1apa9c,"PUNY_IDNA,Cyrillic",2222,ныне,Cyrillic (Russian/Ukrainian),now,
xn--15q846c,"PUNY_IDNA,CJK",2222,全栈,Chinese/Japanese/Korean,full stack,
xn--fcv,"PUNY_IDNA,CJK",2222,效,Chinese/Japanese/Korean,effect,
xn--4qwq02h,"PUNY_IDNA,CJK",2222,气魄,Chinese/Japanese/Korean,courage,
xn--prst60e,"PUNY_IDNA,CJK",2222,益处,Chinese/Japanese/Korean,benefit,
cumn,4L,4321,,,,
xn--yhq3d483n4rm,"PUNY_IDNA,CJK",5555,丝绸之路,Chinese/Japanese/Korean,silk road,
xn--zbss4c,"PUNY_IDNA,CJK",5555,回复,Chinese/Japanese/Korean,reply,
xn--g1ajq,"PUNY_IDNA,Cyrillic",5555,мзс,Cyrillic (Russian/Ukrainian),Ministry of Foreign Affairs,
xn--cgu63x,"PUNY_IDNA,CJK",5555,治愈,Chinese/Japanese/Korean,cure,
xn--2lz1j,"PUNY_IDNA,CJK",5555,禾稼,Chinese/Japanese/Korean,crops,
xn--4dbhbca4b,"PUNY_IDNA,Hebrew",5555,הלוואה,Hebrew,a loan,
xn--jbt1d,"PUNY_IDNA,CJK",22222,密宗,Chinese/Japanese/Korean,Tantra,
xn--gdvp76a,"PUNY_IDNA,CJK",22222,敬畏,Chinese/Japanese/Korean,awe,
xn--e1afbog,"PUNY_IDNA,Cyrillic",55555,имени,Cyrillic (Russian/Ukrainian),name,
xn--mgbup0cj,"PUNY_IDNA,Arabic",55555,القرض,Arabic/Urdu/Uyghur,Loan,
xn--4gq79s1ybj94d,"PUNY_IDNA,CJK",55555,第一大团,Chinese/Japanese/Korean,First group [CCP],
xn--mgb2dl,"PUNY_IDNA,Arabic",55555,اول,Arabic/Urdu/Uyghur,First,
xn--ygb1a1a,"PUNY_IDNA,Arabic",55555,فيس,Arabic/Urdu/Uyghur,Face,
xn--7dbev,"PUNY_IDNA,Hebrew",55555,דול,Hebrew,Dollar,
xn--uisp1p,"PUNY_IDNA,CJK",55555,影城,Chinese/Japanese/Korean,cinema,
xn--u8jil9w,"PUNY_IDNA,Japanese",99999,かんこく,Japanese,Korea,
xn--4ckvf0a,"PUNY_IDNA,Japanese",,ゾーン,Japanese,zone,
xn--65qq04c13kplm,"PUNY_IDNA,CJK",,六月的茶,Chinese/Japanese/Korean,tea in june,
xn--9-636b,"PUNY_IDNA,CJK",,9月,Chinese/Japanese/Korean,September,
xn--10-5j8d,"PUNY_IDNA,CJK",,10月,Chinese/Japanese/Korean,October,
xn--oceano-o12n50a,"PUNY_IDNA,CJK",,海洋oceano,Chinese/Japanese/Korean,oceanoceano,
xn--11-5j8d,"PUNY_IDNA,CJK",,11月,Chinese/Japanese/Korean,November,
xn--tkrp0qh7esqb021f,"PUNY_IDNA,CJK",,脑子慢半拍,Chinese/Japanese/Korean,My mind is slow,
xn--5-636b,"PUNY_IDNA,CJK",,5月,Chinese/Japanese/Korean,May,
xn--3-636b,"PUNY_IDNA,CJK",,3月,Chinese/Japanese/Korean,March,
xn--6-636b,"PUNY_IDNA,CJK",,6月,Chinese/Japanese/Korean,June,
xn--7-636b,"PUNY_IDNA,CJK",,7月,Chinese/Japanese/Korean,July,
xn--1-636b,"PUNY_IDNA,CJK",,1月,Chinese/Japanese/Korean,January,
xn--2-636b,"PUNY_IDNA,CJK",,2月,Chinese/Japanese/Korean,February,
xn--jorw12fyws,"PUNY_IDNA,CJK",,双重的,Chinese/Japanese/Korean,double/dual,
xn--ehq997gtsh,"PUNY_IDNA,CJK",,脏三疯,Chinese/Japanese/Korean,"""Dirty Zhang"" Sanfeng [taiqichuan]",
xn--12-5j8d,"PUNY_IDNA,CJK",,12月,Chinese/Japanese/Korean,December,
xn--4kqp8i97u,"PUNY_IDNA,CJK",,十二月,Chinese/Japanese/Korean,December,
xn--9hq5kk73n,"PUNY_IDNA,CJK",,亡丨语,Chinese/Japanese/Korean,death words,
xn--8-636b,"PUNY_IDNA,CJK",,8月,Chinese/Japanese/Korean,August,
xn--4-636b,"PUNY_IDNA,CJK",,4月,Chinese/Japanese/Korean,April,
xn--6oqv77aso8a,"PUNY_IDNA,CJK",,会计师,Chinese/Japanese/Korean,Accountant,
10873,5D,,,,,
13610,5D,,,,,
24107,5D,,,,,
25569,5D,,,,,
51012,5D,,,,,
66100,5D,,,,,
73810,5D,,,,,
74227,5D,,,,,
80100,5D,,,,,
98100,5D,,,,,
99100,5D,,,,,
1357924680,,,,,,
evolvefish,,,,,,
wohsdgsdbxcso,,,,,,
journeyx,,,,,,
hardbase,,,,,,
newsau,,,,,,
queenslandcountrybank,,,,,,
creatext,,,,,,
artomatix,,,,,,
treeexit,,,,,,
icook,5L,55555,,,"I cook, menu site[s]",
petglam,,,,,,
xn--1di7188m,PUNY_IDNA,,❌🕉,,,
xn--fxd1c6b3qd,PUNY_IDNA,,ትምህርት,,,
xn--sleep,PUNY_IDNA,,ᔷᔹᔾ,,,
messagefirst,,,,,,
depotld,,,,,,
zoodash,,111,,,animal delivery,
xn--j3d1v,PUNY_IDNA,,ፒዛ,,,
rv18,4C,,,,,
nextwatch,,,,,,
oceanbot,,,,,,
oneirology,,,,,,
venuswater,,,,,,
bubulcusibis,,,,,,
seacontact,,,,,,
taxsmile,,,,,,
f414f,5C,,,,,
shakefork,,,,,,
yywww,5L,,,,,
boatdeep,,,,,,
secretgold,,,,,,
sailorfish,,,,,,
xn--em8ht8f,PUNY_IDNA,,🤚🏐,,,
weissenbachegg,,,,,,
riset,5L,,,,,
fingertea,,,,,,
changerchar,,,,,,
xn--vxd2cyi,PUNY_IDNA,,ባሕር,,,
rat-bag,,,,,,
arreios,,,,,,
offersalt,,,,,,
xn--4k9a,PUNY_IDNA,,ꥷ,,,
basedcolleges,,,,,,
xn--m77hka96i,PUNY_IDNA,,🇮🇳🍴,,,
jumping-betty,,,,,,
polytomy,,,,,,
xn--yerbamat-i1a,PUNY_IDNA,,yerbamaté,,,
urscha,,,,,,
newscomau,,,,,,
xn--6g8hg1c,PUNY_IDNA,,🌚😍,,,
0xroadmap,,,,,,
necrotised,,,,,,
beachease,,,,,,
golfforbeginners,,,,,,
nft4d,5C,,,,,
xn--sm8h48a,PUNY_IDNA,,🏞😍,,,
xn--3r8hga,PUNY_IDNA,,💘💛,,,
starwars-toys,,,,,,
wittywanderlust,,,,,,
waterbid,,,,,,
wangheim,,,,,,
olling,,,,,,
waldburg,,,,,,
viehbach,,,,,,
convay,,,,,,
worldforums,,,,,,
volcani,,,,,,
woodboy,,,,,,
yhtio,5L,,,,,
xn--t7hx200ofma,PUNY_IDNA,,📷👩⚕,,,
weisheim,,,,,,
polopony,,,,,,
xn--rs8hpy,PUNY_IDNA,,😷💯,,,
xn--toilet-hy84e,PUNY_IDNA,,🚻toilet,,,
hugd,4L,,,,,
noscam,,,,,,
yfish,5L,,,,,
weinling,,,,,,
pictureapp,,,,,,
xn--wgbp0bxbdv,"PUNY_ALT,Arabic",,عُمَرْ,Arabic/Urdu/Uyghur,,
xn--idev-lw4b,PUNY_IDNA,,i❤dev,,,
codinghelp,,,,,,
foodwash,,,,,,
xn--r7h0480o,PUNY_IDNA,,⚓🚦,,,
worldget,,,,,,
phycography,,,,,,
feminacy,,,,,,
shipcats,,,,,,
xn--no8hx4a,PUNY_IDNA,,😋🐟,,,
typetime,,,,,,
fishbook,,,,,,
spiritjunkie,,,,,,
kienberg,,,,,,
rivermorning,,,,,,
xn--movienight-7q16i,PUNY_IDNA,,🎬movienight,,,
oasisstay,,,,,,
flag-ship-store,,,,,,
blastomycete,,,,,,
doctorew,,,,,,
3xist,5C,,,,,
bidlock,,,,,,
osmoses,,,,,,
tinyhouselayout,,,,,,
healthyou,,,,,,
88c88,5C,,,,,
united_earth,,,,,,
boatlease,,,,,,
nightpics,,,,,,
b414b,5C,,,,,
dotau,5L,,,,,
rvshed,,,,,,
xn--5p9hwh,PUNY_IDNA,,🤝🦘,,,
giftauthor,,,,,,
funnypower,,,,,,
kinexon,,,,,,
digitalharbor,,,,,,
acetennis,,,,,,
absolutebeginner,,,,,,
tidehead,,,,,,
roughwater,,,,,,
xn--tu8hs9e2c,PUNY_IDNA,,📷🧑🦰,,,
aud1,4C,,,,,
xn--1o8hsh,PUNY_IDNA,,🐭💦,,,
pictureweb,,,,,,
fishguide,,,,,,
shipaward,,,,,,
sundayism,,,,,,
leftoverfish,,,,,,
muriphobia,,,,,,
watercruz,,,,,,
world-changing,,,,,,
tradetide,,,,,,
depressively,,,,,,
livenewsmedia,,,,,,
w3btek,,,,,,
vergalden,,,,,,
oceanlogistic,,,,,,
kindthal,,,,,,
floodwater,,,,,,
p414p,5C,,,,,
vvwww,5L,,,,,
monosyllabism,,,,,,
termsea,,,,,,
kathrynai,,,,,,
wallsee,,,,,,
biarchy,,,,,,
d414b,5C,,,,,
chandrahar,,,,,,
saliant,,,,,,
interlabial,,,,,,
naturetravels,,,,,,
nft-goats,,,,,,
outdared,,,,,,
ezgolf,,,,,,
hmart,5L,,,,,
petlife,,,,,,
z414z,5C,,,,,
xn--r77hna502a,PUNY_IDNA,,🇺🇳😀,,,
yachtcam,,,,,,
wagendorf,,,,,,
waymaps,,,,,,
blameme,,,,,,
gardenoffice,,,,,,
ceddawicked,,,,,,
gypsology,,,,,,
caravancamping,,,,,,
genepublic,,,,,,
linkmate,,,,,,
ecowhales,,,,,,
meaner,,,,,,
shitcreek,,,,,,
fretent,,,,,,
naturalgoals,,,,,,
xn--hpab728el9qf0l,PUNY_IDNA,,ʕಠᴥ✯ʔ,,,
nexuses,,,,,,
xn--5i8hhe,PUNY_IDNA,,🎣🍟,,,
tvez,4L,,,,,
lifetimelimit,,,,,,
cosmikdust,,,,,,
chapuria,,,,,,
kerath,,,,,,
xn--oyster-o825e,PUNY_IDNA,,🦪oyster,,,
cosmicwisdom,,,,,,
urfahrwand,,,,,,
mokyn,5L,,,,,
nurseship,,,,,,
xn--h0d0a3rtn,PUNY_IDNA,,ተጫዋች,,,
xn--56hx971o,PUNY_IDNA,,🤩♾,,,
xn--f7ix929m,PUNY_IDNA,,⭐🪰,,,
xn--qq8h3i54j,PUNY_IDNA,,📷👨🦱,,,
xn--n77hma03l,PUNY_IDNA,,🇯🇵🏍,,,
xn--tu8hm0e,PUNY_IDNA,,📷🤝,,,
reductivism,,,,,,
xn--9j8ho4b,PUNY_IDNA,,🎆😍,,,
speciesoffish,,,,,,
centurycu,,,,,,
oudini,,,,,,
888web,,,,,,
cariva,,,,,,
seaworn,,,,,,
shitfight,,,,,,
earthdrive,,,,,,
ddwww,5L,,,,,
fishdirect,,,,,,
repolished,,,,,,
windysurf,,,,,,
xn--8o8h7f,PUNY_IDNA,,💕🐴,,,
xn--ns8hxes0b,PUNY_IDNA,,📷😵💫,,,
natural-law,,,,,,
harbormate,,,,,,
xn--z3d3e,PUNY_IDNA,,ጎያ,,,
waterprice,,,,,,
disabledworld,,,,,,
webrief,,,,,,
moreapps,,,,,,
seespot,,,,,,
xn--oo8hv4a,PUNY_IDNA,,😋🐠,,,
bluelickwater,,,,,,
niceblunt,,,,,,
xn--2m8hk8a,PUNY_IDNA,,🏨😍,,,
fishytails,,,,,,
majava,,,,,,
twoness,,,,,,
wernersdorf,,,,,,
waterstudy,,,,,,
xn--ibiv788m,PUNY_IDNA,,⛳🔗,,,
mintsite,,,,,,
sendtransfer,,,,,,
hotimg,,,,,,
weberberg,,,,,,
wackers,,,,,,
donaram,,,,,,
watersidepaths,,,,,,
walddorf,,,,,,
villmannsdorf,,,,,,
v414v,5C,,,,,
qauk,4L,,,,,
ch32,4C,,,,,
xn--4o8hx3f,PUNY_IDNA,,🤬🐰,,,
adayoff,,,,,,
xn--g77hwa48o,PUNY_IDNA,,🇨🇳👁,,,
free2u,,,,,,
bravewind,,,,,,
penpushers,,,,,,
unzdorf,,,,,,
theorizies,,,,,,
elburrito,,,,,,
fanfishes,,,,,,
web3spider,,,,,,
desalinization,,,,,,
xn--oz-m352akc,PUNY_IDNA,,🇦🇺oz,,,
underwaterlife,,,,,,
asiancow,,,,,,
roofwater,,,,,,
waterdiver,,,,,,
watermovie,,,,,,
obstructionistic,,,,,,
moonlightonwater,,,,,,
famish,,,,,,
whalemagic,,,,,,
lifetimeword,,,,,,
parkfried,,,,,,
surfista,,,,,,
kadidi,,,,,,
justarts,,,,,,
australiangrown,,,,,,
xn--yxd2dvjseyy,PUNY_IDNA,,መንግስት,,,
waterdoor,,,,,,
eliminant,,,,,,
morename,,,,,,
tideofthings,,,,,,
boatllc,,,,,,
maxfoods,,,,,,
xn--w4hw781o,PUNY_IDNA,,☯🤑,,,
udderlysmooth,,,,,,
midbowman,,,,,,
genome,,,,,,
newmediaslive,,,,,,
lateens,,,,,,
sailbear,,,,,,
boatmusic,,,,,,
gossipry,,,,,,
veganfta,,,,,,
xn--3d-bzbb,PUNY_IDNA,,3̼d̼,,,
xn--56h5800o,PUNY_IDNA,,💀♾,,,
itaucorp,,,,,,
cosmic-ai,,,,,,
kienzerle,,,,,,
seagrant,,,,,,
shht,4L,,,,,
ecoyachts,,,,,,
peze,4L,,,,,
cayp,4L,,,,,
overdare,,,,,,
manftrades,,,,,,
catandrat,,,,,,
chasetree,,,,,,
handshake-hns,,,,,,
warstars,,,,,,
anonymo,,,,,,
xn--gk8he3b,PUNY_IDNA,,🎌🗾,,,
waternorth,,,,,,
handybug,,,,,,
phonetic,,,,,,
donethat,,,,,,
sinitic,,,,,,
yumfish,,,,,,
anaxonia,,,,,,
kirchau,,,,,,
enzed,5L,,,,,
wowza,5L,,,,,
xn--food,PUNY_IDNA,,䕯䕭,,,
kittenhood,,,,,,
poormaster,,,,,,
marinefishtanks,,,,,,
expresstruck,,,,,,
riverraft,,,,,,
soulpeace,,,,,,
handymind,,,,,,
powerstaff,,,,,,
childdao,,,,,,
aforeman,,,,,,
naturewonders,,,,,,
bullaria,,,,,,
victoriathomas,,,,,,
autistress,,,,,,
xn--w4h9370o,PUNY_IDNA,,🗺☯,,,
xn--m3d,PUNY_IDNA,,ዞ,,,
t414t,5C,,,,,
xn--kg8hs2c,PUNY_IDNA,,🌄😍,,,
spaceghxst,,,,,,
yogita,,,,,,
fishcarpet,,,,,,
uptown-sushi,,,,,,
skatan,,,,,,
domaria,,,,,,
cowscene,,,,,,
xn--2m8hj8a,PUNY_IDNA,,😍🏨,,,
isospore,,,,,,
xn--crabs-kh74d,PUNY_IDNA,,🦀crabs,,,
reknot,,,,,,
prawner,,,,,,
waterpipe,,,,,,
actuallife,,,,,,
cumuni,,,,,,
xn--1xd4a7a0tuj,PUNY_IDNA,,ማትሪክስ,,,
q414q,5C,,,,,
fossickthrough,,,,,,
missis,,,,,,
stringbody,,,,,,
surfbar,,,,,,
intersale,,,,,,
oxozone,,,,,,
coastnet,,,,,,
m3xico,,,,,,
usanonymous,,,,,,
addnote,,,,,,
fishvideo,,,,,,
humaniform,,,,,,
fishingmagazines,,,,,,
oceanfoundation,,,,,,
q414p,5C,,,,,
kematen,,,,,,
e-bio,5C,,,,,
linuxdev,,,,,,
domainsninja,,,,,,
sailtough,,,,,,
authtools,,,,,,
0x0g,4C,,,,,
oasiscoral,,,,,,
stereotomy,,,,,,
jamesonwilson,,,,,,
nextbeach,,,,,,
macropterous,,,,,,
rayjon,,,,,,
opencargo,,,,,,
recklessdao,,,,,,
xn--kxd0e7h,PUNY_IDNA,,ሊብራ,,,
qasbina,,,,,,
fishhunt,,,,,,
newsight,,,,,,
vrdisplay,,,,,,
baitpump,,,,,,
kerschenbach,,,,,,
evetide,,,,,,
4szn,4C,,,,,
oscah,5L,,,,,
phavor,,,,,,
xn--3xd9k,PUNY_IDNA,,ቡም,,,
xn--xv8hz8d,PUNY_IDNA,,🤫🔞,,,
regionnation,,,,,,
funship,,,,,,
floatative,,,,,,
xn--mg8hn2c,PUNY_IDNA,,😍🌆,,,
homophylic,,,,,,
arasinda,,,,,,
beallfor,,,,,,
fishingislife,,,,,,
turizm,,,,,,
alternativefact,,,,,,
swiftships,,,,,,
0xwhitepaper,,,,,,
govdb,5L,,,,,
god0,4C,,,,,
falklands,,,,,,
agoat,5L,,,,,
weitgraben,,,,,,
sld-sales,,,,,,
thewaterdao,,,,,,
ringoftruth,,,,,,
bredz,5L,,,,,
greasywrench,,,,,,
coologi,,,,,,
poxham,,,,,,
roadie,,,,,,
xn--kyd5a00ca,PUNY_IDNA,,ሽግግር,,,
xn--547hr7b,PUNY_IDNA,,👑🆘,,,
xn--yxdqy22a,PUNY_IDNA,,መሠረት,,,
nihilianistic,,,,,,
buystime,,,,,,
fidgetoys,,,,,,
pageless,,,,,,
xn--sense,PUNY_IDNA,,㽓㾂,,,
lapofhonour,,,,,,
davyjonesslocker,,,,,,
xn--opensea,PUNY_IDNA,,ᗆᗌᗍᗍᖿ,,,
wartegg,,,,,,
countdata,,,,,,
dm73,4C,,,,,
genteelish,,,,,,
magicfun,,,,,,
stellarai,,,,,,
catcapers,,,,,,
darkaccount,,,,,,
lanina,,,,,,
notmove,,,,,,
fishabroad,,,,,,
sailorizing,,,,,,
amuseyourself,,,,,,
boatapp,,,,,,
trackproduct,,,,,,
nametrustee,,,,,,
unzmarkt,,,,,,
lobscuse,,,,,,
kepling,,,,,,
care24,,,,,,
xn--bo8h04a,PUNY_IDNA,,🐓😀,,,
meta-face,,,,,,
worldweariness,,,,,,
solarpass,,,,,,
rizzomed,,,,,,
lifenewsmedia,,,,,,
firtar,,,,,,
seaphoto,,,,,,
seasports,,,,,,
ch51,4C,,,,,
qazidara,,,,,,
8dab8,5C,,,,,
boatharbor,,,,,,
timetrekker,,,,,,
overwet,,,,,,
areopolis,,,,,,
eternitydao,,,,,,
rubyroo,,,,,,
nonewnews,,,,,,
digitaljpeg,,,,,,
swimmap,,,,,,
savingstop,,,,,,
shakedif,,,,,,
naturalpursuits,,,,,,
taol,4L,,,,,
suboffice,,,,,,
feelthe,,,,,,
meetdeath,,,,,,
tabooist,,,,,,
timeswelivein,,,,,,
leafwhisper,,,,,,
ietv,4L,,,,,
handshake-gear,,,,,,
xn--water,"PUNY_ALT,PUNY_INVALID",,¦¡,,,
bacillusanthracis,,,,,,
mistervr,,,,,,
devilfishes,,,,,,
ecoeating,,,,,,
anonko,,,,,,
rapeye,,,,,,
grandscoop,,,,,,
bangtailmuster,,,,,,
todaolist,,,,,,
pandeism,,,,,,
xn--g77hka436c,PUNY_IDNA,,🇨🇭🤝,,,
leaf-mold,,,,,,
aawww,5L,,,,,
foodfish,,,,,,
wagrin,,,,,,
0xrape,,,,,,
3-ds,4C,,,,,
waldsdorf,,,,,,
ofmydreams,,,,,,
openxxxsea,,,,,,
xn--g5hz430oucd,PUNY_IDNA,,📷🧞♂,,,
ethereumeth2,,,,,,
repugna,,,,,,
seedwetrust,,,,,,
escry,5L,,,,,
8xox8,5C,,,,,
larian,,,,,,
imtimt,,,,,,
tonicless,,,,,,
xn--lg8hlq,PUNY_IDNA,,🐋🌅,,,
hnsiot,,,,,,
channeldao,,,,,,
russica,,,,,,
ens-india,,,,,,
quiltingnook,,,,,,
bnbme,5L,,,,,
kirnberg,,,,,,
livenewmedias,,,,,,
friendshop,,,,,,
xn--yyd07a,PUNY_IDNA,,ሻይ,,,
ens1dao,,,,,,
caym,4L,,,,,
kirschlag,,,,,,
ghostbat,,,,,,
sabirkand,,,,,,
floodins,,,,,,
tugd,4L,,,,,
euphemizer,,,,,,
buxeria,,,,,,
unterwolligen,,,,,,
0xsenses,,,,,,
antigoyism,,,,,,
8non8,5C,,,,,
xn--os5bog,PUNY_IDNA,,융자,,,
waasenberg,,,,,,
rizalar,,,,,,
fisherpeople,,,,,,
sissyism,,,,,,
marinecargo,,,,,,
b4birth,,,,,,
xn--nxdv32bvb,PUNY_IDNA,,መልአክ,,,
edmeds,,,,,,
stereovision,,,,,,
fishtoday,,,,,,
pseudonymic,,,,,,
isleof,,,,,,
collectanea,,,,,,
waveskipper,,,,,,
mindlessdao,,,,,,
daopensea,,,,,,
xn--k0da6h2o,PUNY_IDNA,,ታይታን,,,
rspi,4L,,,,,
xn--t7h1220oqbd,PUNY_IDNA,,📷🧑⚕,,,
physicalism,,,,,,
8obo8,5C,,,,,
firstnumber,,,,,,
xn--jxd24a,PUNY_IDNA,,ሉክ,,,
thent,5L,,,,,
regalio,,,,,,
johh,4L,,,,,
xn--whale-gha,PUNY_IDNA,,whale©,,,
valentinhaft,,,,,,
ebooklist,,,,,,
firemuse,,,,,,
kickendorf,,,,,,
warbach,,,,,,
graymullet,,,,,,
seaborder,,,,,,
chainvirus,,,,,,
woolest,,,,,,
byronbaycookies,,,,,,
news24seven,,,,,,
cryptodrillin,,,,,,
s414s,5C,,,,,
ecology365,,,,,,
buvau,5L,,,,,
sugarmilf,,,,,,
tigerstripes,,,,,,
u414u,5C,,,,,
yachtgig,,,,,,
xn--b6hggd,PUNY_IDNA,,♠♣♦♥,,,
earthtales,,,,,,
sabirli,,,,,,
abrief,,,,,,
sneekz,,,,,,
roadstock,,,,,,
transtheism,,,,,,
drawstraws,,,,,,
sunology,,,,,,
unadjoined,,,,,,
lucky-dip,,,,,,
dwebpc,,,,,,
ch59,4C,,,,,
walkersdorf,,,,,,
ensplan,,,,,,
diger,5L,,,,,
dohai,5L,,,,,
mechanicalguru,,,,,,
kienzen,,,,,,
xn--tu8hy9etc,PUNY_IDNA,,📷🧑🦳,,,
kirchental,,,,,,
5best,5C,,,,,
phytotomist,,,,,,
hnsgear,,,,,,
vierlings,,,,,,
waterlevel,,,,,,
thallogen,,,,,,
measuretime,,,,,,
dolua,5L,,,,,
oftering,,,,,,
xn--nxd1a1ptq,PUNY_IDNA,,ማዕበል,,,
folkfest,,,,,,
anglephone,,,,,,
deeeznuts,,,,,,
viehausen,,,,,,
weisserhof,,,,,,
magginoodles,,,,,,
vinier,,,,,,
watersad,,,,,,
xefe,4L,,,,,
vichtenstein,,,,,,
tld1hns,,,,,,
coolfellow,,,,,,
ch55,4C,,,,,
xn--qg8hvy,PUNY_IDNA,,💕🌊,,,
thenorrisnuts,,,,,,
xn--p77hlai,PUNY_IDNA,,🇺🇷🇱,,,
treemax,,,,,,
kigerl,,,,,,
boatswainschair,,,,,,
authpass,,,,,,
ele7en,,,,,,
driftwoodpics,,,,,,
e-gift,,,,,,
dildwar,,,,,,
natureself,,,,,,
simim,5L,,,,,
b414d,5C,,,,,
holdwater,,,,,,
blokman,,,,,,
seanut,,,,,,
wendbach,,,,,,
cookingherbs,,,,,,
xn--2p8h84h,PUNY_IDNA,,👑🪢,,,
yearsgrowth,,,,,,
p414q,5C,,,,,
boatselfie,,,,,,
driftwoodphotos,,,,,,
adultwater,,,,,,
opusculum,,,,,,
tradidas,,,,,,
xn--93d8bwl,PUNY_IDNA,,ድጋፍ,,,
dragovici,,,,,,
domainse,,,,,,
bighealth,,,,,,
xn--6yde4vwt,PUNY_IDNA,,ጥቃቅን,,,
xn--lxde5mxe,PUNY_IDNA,,በቀላል,,,
veichltal,,,,,,
moreroad,,,,,,
stereofoto,,,,,,
ch24,4C,,,,,
greennrg,,,,,,
hyperbiz,,,,,,
totemism,,,,,,
sabatlar,,,,,,
ch71,4C,,,,,
absoluteyarn,,,,,,
kpass,5L,,,,,
nremsleep,,,,,,
preternaturalism,,,,,,
coralife,,,,,,
naturevillage,,,,,,
soilgift,,,,,,
shakespearefishing,,,,,,
xn--beachlife-u355h,PUNY_IDNA,,🌊beachlife,,,
blinddev,,,,,,
circumfix,,,,,,
trainx,,,,,,
xn--2p8hq0f,PUNY_IDNA,,👑🤙,,,
zencorner,,,,,,
domainame,,,,,,
tryone,,,,,,
xn--r3f,PUNY_IDNA,,ᱵ,,,
seawaterpump,,,,,,
wampersdorf,,,,,,
boatingsupplies,,,,,,
forestphoto,,,,,,
fundamentalparticle,,,,,,
waldfeld,,,,,,
kinsdorf,,,,,,
scubashack,,,,,,
isuggire,,,,,,
catholicist,,,,,,
acronystic,,,,,,
nvpc,4L,,,,,
escapefund,,,,,,
welsdorf,,,,,,
andropogon,,,,,,
dailyhero,,,,,,
cloudmode,,,,,,
ch46,4C,,,,,
routinists,,,,,,
viehdorf,,,,,,
hnsopia,,,,,,
xn--u1d6o,PUNY_IDNA,,አዶ,,,
fanwort,,,,,,
ecotinyhomes,,,,,,
seafoodplaces,,,,,,
hnssld,,,,,,
khunegg,,,,,,
nextfest,,,,,,
cb40,4C,,,,,
bespectacled,,,,,,
thingcoast,,,,,,
poiz,4L,,,,,
t-shirt,,,,,,
freedomainbank,,,,,,
xn--yxd8fogpn0f,PUNY_IDNA,,መታወቂያ,,,
unibag,,,,,,
vulturism,,,,,,
xn--rq8h1i84j,PUNY_IDNA,,📷👩🦲,,,
meropia,,,,,,
hypelust,,,,,,
tallymark,,,,,,
xn--lp8h6k,PUNY_IDNA,,👀📰,,,
klamberg,,,,,,
jettypier,,,,,,
earthour,,,,,,
lumoz,5L,,,,,
outhouses,,,,,,
audir,5L,,,,,
hns4yr,,,,,,
finrific,,,,,,
runabouts,,,,,,
univillage,,,,,,
hetbeste,,,,,,
kinham,,,,,,
xn--g5hz430ozbd,PUNY_IDNA,,📷🧔♂,,,
vorderwinkel,,,,,,
xn--pyd89a,PUNY_IDNA,,ሲዲ,,,
manualist,,,,,,
guako,5L,,,,,
islenft,,,,,,
xn--qq8h3i24j,PUNY_IDNA,,📷👨🦰,,,
monkeybiz,,,,,,
oceaninvest,,,,,,
xn--59gz2nea,PUNY_IDNA,,☮∞☯,,,
rekk,4L,,,,,
puzzlepix,,,,,,
sunsetpics,,,,,,
apigov,,,,,,
xn--pg8hi2c,PUNY_IDNA,,🌉😍,,,
xn--tao,PUNY_INVALID,,,,,
enplein,,,,,,
pseudos,,,,,,
wasserring,,,,,,
xn--kyd9k9o,PUNY_IDNA,,ቱዶር,,,
xn--e77hibv7c,PUNY_IDNA,,🇦🇺🌊,,,
wagham,,,,,,
heartmaster,,,,,,
cayk,4L,,,,,
mountainphotos,,,,,,
warnungs,,,,,,
picsee,,,,,,
8bid8,5C,,,,,
xn--yxd6a5c26b,PUNY_IDNA,,መድረሻ,,,
appdown,,,,,,
earthdust,,,,,,
exotichns,,,,,,
happykitty,,,,,,
xn--rq8h1ih5j,PUNY_IDNA,,📷👩🦳,,,
xn--oz-o352akc,PUNY_IDNA,,oz🇦🇺,,,
shiningisland,,,,,,
sabarkend,,,,,,
couplecoach,,,,,,
precreation,,,,,,
bycicles,,,,,,
cashblocks,,,,,,
xn--hpab728el9qp4l,PUNY_IDNA,,ʕಠᴥ❍ʔ,,,
unterwollan,,,,,,
travelpic,,,,,,
wagenhub,,,,,,
dotardism,,,,,,
parataxic,,,,,,
web3mium,,,,,,
nagged,,,,,,
ch22,4C,,,,,
ccwww,5L,,,,,
fishaboutin,,,,,,
apphoto,,,,,,
ok21,4C,,,,,
hospitalblockchain,,,,,,
xn--iy8hzb,PUNY_IDNA,,🖕🕸,,,
paganity,,,,,,
xn--h4h8l,PUNY_IDNA,,☠♾,,,
shadow3d,,,,,,
tallyadd,,,,,,
theshipstudio,,,,,,
herogear,,,,,,
tri-statehemp,,,,,,
endlessrabbithole,,,,,,
verditz,,,,,,
mutart,,,,,,
chipwood,,,,,,
ownhomes,,,,,,
coastalflowers,,,,,,
aleny,5L,,,,,
macnutz,,,,,,
sonywalkman,,,,,,
navyuniformshop,,,,,,
tatahitachico,,,,,,
xn--h4h7l,PUNY_IDNA,,♾☠,,,
seapiece,,,,,,
seases,,,,,,
digenea,,,,,,
xn--6g8hnt,PUNY_IDNA,,👑🌚,,,
simplewin,,,,,,
adhdautism,,,,,,
cumbre,,,,,,
carijos,,,,,,
unterwollanig,,,,,,
occultaste,,,,,,
cuevapunta,,,,,,
qazaxlar,,,,,,
onlyonetime,,,,,,
xn--e77hibz7r,PUNY_IDNA,,🗺🇦🇺,,,
ofenegg,,,,,,
truthstorm,,,,,,
darwinfoundation,,,,,,
kylianne,,,,,,
draganici,,,,,,
ch80,4C,,,,,
bicyclingvacations,,,,,,
waldreichs,,,,,,
xn--m0d1r8b,PUNY_IDNA,,ይዘት,,,
w414w,5C,,,,,
thefrontyard,,,,,,
xn--qg8h12b,PUNY_IDNA,,🕸🌊,,,
vegx,4L,,,,,
boxun,5L,,,,,
mintink,,,,,,
smartplatform,,,,,,
dancecourses,,,,,,
brushwithdeath,,,,,,
hardfist,,,,,,
newsmedialife,,,,,,
xn--qq8h3iz4j,PUNY_IDNA,,📷👨🦯,,,
xn--qq8h3ih5j,PUNY_IDNA,,📷👨🦳,,,
kiblitz,,,,,,
apidapps,,,,,,
j414j,5C,,,,,
rvnft,5L,,,,,
diystores,,,,,,
xn--qg8h22b,PUNY_IDNA,,🌊🕸,,,
nftmelbourne,,,,,,
eumail,,,,,,
ethunterz,,,,,,
kenndorf,,,,,,
heaveto,,,,,,
cutre,5L,,,,,
forehew,,,,,,
swimmingholes,,,,,,
handyplan,,,,,,
xn--v4h83a5671i,PUNY_IDNA,,☮✊🏿,,,
outcomeocean,,,,,,
davidic,,,,,,
doabit,,,,,,
maculose,,,,,,
ecotool,,,,,,
earthtwo,,,,,,
libidinist,,,,,,
antispastic,,,,,,
dighari,,,,,,
untedious,,,,,,
bingolinks,,,,,,
xn--qg8h7b,PUNY_IDNA,,🌫🌊,,,
k414k,5C,,,,,
fomosapien,,,,,,
xn--4o8hs3f,PUNY_IDNA,,🐰🤩,,,
tap2win,,,,,,
rv40,4C,,,,,
boatservices,,,,,,
convolutedstory,,,,,,
geckoconft,,,,,,
heathenist,,,,,,
flahr,5L,,,,,
whispee,,,,,,
xn--hpab728efnz3s2l,PUNY_IDNA,,ʕಠꈊ─ʔ,,,
zzwww,5L,,,,,
newspec,,,,,,
glass-house,,,,,,
agamogenesis,,,,,,
yangfamily,,,,,,
xn--ltu-bma,PUNY_IDNA,,létu,,,
policesky,,,,,,
xn--xg8h5t,PUNY_IDNA,,👑🌑,,,
snarkify,,,,,,
nutextractor,,,,,,
hookwork,,,,,,
riveradventures,,,,,,
gemengraving,,,,,,
tipfish,,,,,,
seaforthia,,,,,,
nftambassador,,,,,,
wohasghgvvvanx,,,,,,
kickenheim,,,,,,
xn--3k8hnw,PUNY_IDNA,,🔊🎣,,,
owaz,4L,,,,,
curryfish,,,,,,
xn--og8h62i,PUNY_IDNA,,🌈🧘,,,
ahirt,5L,,,,,
xn--41d7d,PUNY_IDNA,,ዊኪ,,,
mawf,4L,,,,,
truthquarks,,,,,,
sweetfish,,,,,,
hnsclient,,,,,,
shipsupplies,,,,,,
whale-watch,,,,,,
knitwork,,,,,,
waasen,,,,,,
discorde,,,,,,
vordersauerwald,,,,,,
farholiday,,,,,,
waldberg,,,,,,
caejywnoci,,,,,,
playact,,,,,,
xn--h95b,PUNY_IDNA,,즁,,,
shiq,4L,,,,,
88b88,5C,,,,,
umbrine,,,,,,
xn--lxd4psh,PUNY_IDNA,,ክላብ,,,
seasocks,,,,,,
spanishmovies,,,,,,
spotlighted,,,,,,
absir,5L,,,,,
lawrule,,,,,,
aiyat,5L,,,,,
codegptdev,,,,,,
etchscratch,,,,,,
xn--lm8hm8f,PUNY_IDNA,,🏗🤝,,,
ungifted,,,,,,
xn--xv8h7o,PUNY_IDNA,,😏🔞,,,
incomprensible,,,,,,
veldenamwortherseen,,,,,,
xn--h4h4750o,PUNY_IDNA,,☠🕸,,,
cleanft,,,,,,
verbannen,,,,,,
windfather,,,,,,
insectaria,,,,,,
boredapedreams,,,,,,
cantosujo,,,,,,
truthhost,,,,,,
hollyking,,,,,,
setafloat,,,,,,
ditchwater,,,,,,
justsell,,,,,,
tochinese,,,,,,
unlodge,,,,,,
silverizing,,,,,,
hetericism,,,,,,
xn--nxd2spe,PUNY_IDNA,,አልት,,,
fonetik,,,,,,
4seas,5C,,,,,
flippingreatdomains,,,,,,
xn--easy-yga,PUNY_IDNA,,easy®,,,
maxnames,,,,,,
temptia,,,,,,
wawn,4L,,,,,
unterzeiss,,,,,,
naturepic,,,,,,
freepdfeditor,,,,,,
recipefor,,,,,,
firewisp,,,,,,
erthen,,,,,,
tadgedryja,,,,,,
podophyllous,,,,,,
xn--g77hwa54o,PUNY_IDNA,,🇨🇳🐴,,,
neo-absurdism,,,,,,
ahoy-hoy,,,,,,
zh888,5C,,,,,
xn--r77hna695c,PUNY_IDNA,,🇺🇳🤝,,,
renatured,,,,,,
heaveinview,,,,,,
vorderweisspriach,,,,,,
wogfhhaabnasde,,,,,,
capatana,,,,,,
monometers,,,,,,
clearance1hns,,,,,,
bambos,,,,,,
atdusk,,,,,,
actionsea,,,,,,
triptrail,,,,,,
tidegauge,,,,,,
nahualism,,,,,,
bitcoincrook,,,,,,
xn--xg8hial,PUNY_IDNA,,🌑🌙🌕,,,
z1n3,4C,,,,,
ecoessentials,,,,,,
kirchham,,,,,,
sitotoxin,,,,,,
weindlau,,,,,,
glowmore,,,,,,
gosalt,,,,,,
raintanks,,,,,,
fairmedia,,,,,,
utschthal,,,,,,
timici,,,,,,
etheu,5L,,,,,
lovementor,,,,,,
cameracan,,,,,,
retweetandfav,,,,,,
ch28,4C,,,,,
budgeree,,,,,,
traderat,,,,,,
deviart,,,,,,
armything,,,,,,
xn--iy8h1b,PUNY_IDNA,,🖖🕸,,,
t691,4C,,,,,
newstree,,,,,,
mutationist,,,,,,
01km,4C,,,,,
gamomachia,,,,,,
concordi,,,,,,
sixxxxxx,,,,,,
knapsacked,,,,,,
xn--ks8h3ep8a,PUNY_IDNA,,📷😮💨,,,
valleu,,,,,,
brachypterous,,,,,,
daoreg,,,,,,
aeolotropic,,,,,,
andabeer,,,,,,
spendpower,,,,,,
xn--r77hya21z,PUNY_IDNA,,🇳🇿😀,,,
ch57,4C,,,,,
tidaltank,,,,,,
lafoto,,,,,,
bi11,4C,,,,,
ch38,4C,,,,,
foodoir,,,,,,
cuestita,,,,,,
wasserhofen,,,,,,
tricolored,,,,,,
lifetapestry,,,,,,
forewritten,,,,,,
ofnames,,,,,,
bosspeak,,,,,,
seapixel,,,,,,
takemetotheriver,,,,,,
phonophone,,,,,,
xn--rq8h1iz4j,PUNY_IDNA,,📷👩🦯,,,
xn--u1d8m,PUNY_IDNA,,አይ,,,
fishpurple,,,,,,
kibahassmallpp,,,,,,
seablockchain,,,,,,
hnsaus,,,,,,
xn--9g8hht,PUNY_IDNA,,👑🌝,,,
assio,5L,,,,,
xn--e77hib449a,PUNY_IDNA,,🇦🇺🥰,,,
erraticism,,,,,,
tidefly,,,,,,
klaubling,,,,,,
wavefinder,,,,,,
4dags,5C,,,,,
switchsea,,,,,,
watertravel,,,,,,
dinosaurset,,,,,,
beridof,,,,,,
xn--0zd6bwp,PUNY_IDNA,,ውበት,,,
qasad,5L,,,,,
pezx,4L,,,,,
reefnft,,,,,,
xn--nxd3e2pja17d,PUNY_IDNA,,አሰልጣኝ,,,
wasendorf,,,,,,
4buoy,5C,,,,,
i-hub,5C,,,,,
fencein,,,,,,
kennelbach,,,,,,
xn--8o8h8f,PUNY_IDNA,,🐴💕,,,
xn--fair-cqa,PUNY_IDNA,,faðir,,,
jampam,,,,,,
nameopen,,,,,,
saillay,,,,,,
safewaterfilter,,,,,,
ch36,4C,,,,,
ozmeta,,,,,,
worldhealthnews,,,,,,
factorist,,,,,,
xn--t7h9100oima,PUNY_IDNA,,📷👨⚕,,,
xn--pg8hh2c,PUNY_IDNA,,😍🌉,,,
powerspend,,,,,,
fishcakerecipe,,,,,,
kiesenberg,,,,,,
webersberg,,,,,,
tristatehemp,,,,,,
xn--noodles-o974f,PUNY_IDNA,,🍜noodles,,,
slashetch,,,,,,
crownt,,,,,,
charatipara,,,,,,
nerrd,5L,,,,,
keuschen,,,,,,
vergross,,,,,,
bosunschair,,,,,,
byud,4L,,,,,
waldzell,,,,,,
seaducks,,,,,,
lansare,,,,,,
xn--ho8h94a,PUNY_IDNA,,😋🐙,,,
thetaichischool,,,,,,
8yyy8,5C,,,,,
harbormaster,,,,,,
xn--cyberpunk,PUNY_IDNA,,࢓ࢧ࢟ࢣ࢛ࢥ࢕,,,
survival-skills,,,,,,
knowblockchain,,,,,,
uniquetree,,,,,,
kernhof,,,,,,
nonsatire,,,,,,
nzrd,4L,,,,,
milestonez,,,,,,
wordflow,,,,,,
xn--1996-uz33cpd,PUNY_IDNA,,🇦🇺1996,,,
xn--qei0818mqka,PUNY_IDNA,,❤🎅🏿,,,
cryptickatz,,,,,,
teareport,,,,,,
nolang,,,,,,
walchegg,,,,,,
theworldshotz,,,,,,
schizothymia,,,,,,
xn--e5h3430ozbd,PUNY_IDNA,,📷🧔♀,,,
firetactics,,,,,,
lobbyman,,,,,,
colouroffire,,,,,,
newspapersonline,,,,,,
hedgewizard,,,,,,
beachphotos,,,,,,
seefooddiet,,,,,,
uberqueren,,,,,,
urbersdorf,,,,,,
unterwuhr,,,,,,
joyoflearning,,,,,,
888cn,5C,,,,,
waldkirchenamwesen,,,,,,
sulmaz,,,,,,
journeyofmylife,,,,,,
v001,4C,,,,,
unityuniverse,,,,,,
unterzeiring,,,,,,
dobring,,,,,,
0xtrend,,,,,,
medianewslife,,,,,,
eatcrazy,,,,,,
ppxe,4L,,,,,
xn--9j8hn4b,PUNY_IDNA,,😍🎆,,,
newlivemedias,,,,,,
timegrab,,,,,,
testhns,,,,,,
hillroad,,,,,,
xn--tu8hu9ezc,PUNY_IDNA,,📷🧑🦱,,,
2--u,4C,,,,,
autrina,,,,,,
0xjpegs,,,,,,
nextauthor,,,,,,
xn--mg8ho2c,PUNY_IDNA,,🌆😍,,,
justship,,,,,,
sweetio,,,,,,
seacritters,,,,,,
freegovernment,,,,,,
chandrakilla,,,,,,
australiantourism,,,,,,
attractivist,,,,,,
ensdb,5L,,,,,
xn--mt7hr0h,PUNY_IDNA,,😍🀄,,,
youtubehowto,,,,,,
l414l,5C,,,,,
analfan,,,,,,
nyctrade,,,,,,
coralbleaching,,,,,,
voidersdorf,,,,,,
8bud8,5C,,,,,
xn--b6hgge,PUNY_IDNA,,♠♣♥♦,,,
valentinshaft,,,,,,
heaveintosight,,,,,,
seascapeart,,,,,,
xn--syd2g4jrw,PUNY_IDNA,,ፌስቡክ,,,
xn--6l8hmdu6p,PUNY_IDNA,,🏉🦶🏿,,,
yogeeism,,,,,,
miscarry,,,,,,
coastbird,,,,,,
xn--yr8hqa,PUNY_IDNA,,💓💛,,,
johnny-jump-up,,,,,,
nftreef,,,,,,
charcoronation,,,,,,
yentai,,,,,,
sexxxyblondes,,,,,,
stablenfts,,,,,,
vordersdorf,,,,,,
threepictures,,,,,,
birdlook,,,,,,
n414n,5C,,,,,
4bris,5C,,,,,
toholdwater,,,,,,
peacehome,,,,,,
pontoonsforsale,,,,,,
xn--sm8h38a,PUNY_IDNA,,😍🏞,,,
rvmart,,,,,,
o414o,5C,,,,,
upshitcreekinabarbwirecanoe,,,,,,
newfangled,,,,,,
todaysheadlines,,,,,,
skategoat,,,,,,
xn--nm8hi9a,PUNY_IDNA,,🏙😍,,,
exoticyachts,,,,,,
water-pipe,,,,,,
charbagala,,,,,,
kiking,,,,,,
xn--qyd6sle,PUNY_IDNA,,ወሳኝ,,,
monthlymeals,,,,,,
xn--qg8hg2c,PUNY_IDNA,,🌊😍,,,
apathism,,,,,,
werberg,,,,,,
xn--rz8hzi,PUNY_IDNA,,😱🖤,,,
carpfish,,,,,,
vichtau,,,,,,
wildwaves,,,,,,
xn--hpab728e3bw38i,PUNY_IDNA,,ʕಠᴥರʔ,,,
truthspins,,,,,,
youranon,,,,,,
seamossgel,,,,,,
amazingfish,,,,,,
water-sport,,,,,,
navaids,,,,,,
01etc,5C,,,,,
furriends,,,,,,
metabearz,,,,,,
watervirus,,,,,,
vorderschroffenau,,,,,,
xn--57hxk,PUNY_IDNA,,⛳⚡,,,
bushfurniture,,,,,,
angerdao,,,,,,
xn--4o8h33f,PUNY_IDNA,,🤯🐰,,,
kienburg,,,,,,
lossoflife,,,,,,
ironists,,,,,,
lifetlds,,,,,,
xn--cloud,PUNY_IDNA,,䔁䔩,,,
burnhold,,,,,,
midnightwater,,,,,,
fungusgnat,,,,,,
teaillegal,,,,,,
goodonya,,,,,,
aboriginals,,,,,,
medialifenews,,,,,,
mildish,,,,,,
yphy,4L,,,,,
botset,,,,,,
oreol,5L,,,,,
sailwar,,,,,,
livingsail,,,,,,
vericus,,,,,,
australiantaxoffice,,,,,,
xn--wg8hr6d,PUNY_IDNA,,🛹🌐,,,
heaveintoview,,,,,,
familyroots,,,,,,
tablewater,,,,,,
4folk,5C,,,,,
daoclass,,,,,,
picrific,,,,,,
rawnews,,,,,,
weissee,,,,,,
bindowe,,,,,,
xn--fxdq0x,PUNY_IDNA,,ባህል,,,
earsea,,,,,,
oldswag,,,,,,
knowaholic,,,,,,
byuk,4L,,,,,
zendoctor,,,,,,
rvfans,,,,,,
bookz,5L,,,,,
yeah-no,,,,,,
xn--nxd7r1fsz,PUNY_IDNA,,ካፒታል,,,
diamonddue,,,,,,
sniperz,,,,,,
unterwuchl,,,,,,
nftisle,,,,,,
diaphoresis,,,,,,
kangakid,,,,,,
riskofdeath,,,,,,
bitcoinkills,,,,,,
xn--8o8hgg,PUNY_IDNA,,🐴💗,,,
sevening,,,,,,
wildpics,,,,,,
weisshaus,,,,,,
kendlersiedlung,,,,,,
foliages,,,,,,
predatism,,,,,,
aerialpingpong,,,,,,
xn--7j8hfxq0i,PUNY_IDNA,,📷🧑🎄,,,
xn--8o8hug,PUNY_IDNA,,🐴💞,,,
0xassassin,,,,,,
pichub,,,,,,
i414i,5C,,,,,
johncleese,,,,,,
aerialpics,,,,,,
weinegg,,,,,,
hawtdog,,,,,,
mopes,5L,,,,,
floodtide,,,,,,
kidkorner,,,,,,
likemeta,,,,,,
cacography,,,,,,
xn--e28hp1d,PUNY_IDNA,,🦘😀,,,
dreamwhirl,,,,,,
openfish,,,,,,
xn--w4hw470o,PUNY_IDNA,,☯🗺,,,
registree,,,,,,
yachtboy,,,,,,
stephenx,,,,,,
newlivesmedia,,,,,,
waterdrain,,,,,,
winani,,,,,,
water-drain,,,,,,
laptopguy,,,,,,
made-in-usa,,,,,,
wenten,,,,,,
sldepot,,,,,,
subcloud,,,,,,
glitchface,,,,,,
ayrampu,,,,,,
trekearth,,,,,,
neopress,,,,,,
xn--9wd6jmgsx,PUNY_IDNA,,ሀሽታግ,,,
whileawaythetime,,,,,,
hnsldns,,,,,,
kieneck,,,,,,
dailyo,,,,,,
xn--vej,PUNY_IDNA,,ⰲ,,,
verywater,,,,,,
thatstrue,,,,,,
jackpotx,,,,,,
metapsychical,,,,,,
adresism,,,,,,
asnau,5L,,,,,
veitsch,,,,,,
stocksail,,,,,,
botanicbank,,,,,,
pleuremphytic,,,,,,
isail,5L,,,,,
xn--mnkey-ig34d,PUNY_IDNA,,m🙉nkey,,,
xpwn,4L,,,,,
vorderwolch,,,,,,
kiensass,,,,,,
warnblick,,,,,,
8ggg8,5C,,,,,
earthwhirl,,,,,,
trekgist,,,,,,
piscatorialist,,,,,,
buymugs,,,,,,
seage,5L,,,,,
e414e,5C,,,,,
seashoes,,,,,,
brainstew,,,,,,
sharktracking,,,,,,
campx,5L,,,,,
xn--3xd0p,PUNY_IDNA,,ምት,,,
webzen,,,,,,
frozensnacks,,,,,,
gamophagia,,,,,,
jpeghideout,,,,,,
blastomycetes,,,,,,
xn--8o8hfg,PUNY_IDNA,,💗🐴,,,
floweringplant,,,,,,
xn--mo8h4o,PUNY_IDNA,,🐞🔍,,,
ratefee,,,,,,
bugcake,,,,,,
klachau,,,,,,
d414d,5C,,,,,
chrysophrysaustralis,,,,,,
antineutrality,,,,,,
welzeneggburgfried,,,,,,
rivalship,,,,,,
therainbow,,,,,,
sldepotld,,,,,,
digitalfiles,,,,,,
woodcrash,,,,,,
ebayart,,,,,,
tankswim,,,,,,
nationregion,,,,,,
neutralistic,,,,,,
domainal,,,,,,
china8888,,,,,,
chinawalk,,,,,,
buffetnyc,,,,,,
kierling,,,,,,
hnscores,,,,,,
offenegg,,,,,,
guidedao,,,,,,
xn--w1d2n,PUNY_IDNA,,ኢዱ,,,
sysdev,,,,,,
yzar,4L,,,,,
seawings,,,,,,
kerschham,,,,,,
0xlite,,,,,,
countersecurity,,,,,,
pikcat,,,,,,
anaxiphilia,,,,,,
xn--qg8hf2c,PUNY_IDNA,,😍🌊,,,
bedknobsandbroomsticks,,,,,,
0-me,4C,,,,,
xn--fxdp7xic0g,PUNY_IDNA,,ብልህነት,,,
wagersbach,,,,,,
addrea,,,,,,
iinet,5L,,,,,
chandpara,,,,,,
tidedrifter,,,,,,
entendres,,,,,,
sdubs,5L,,,,,
xn--tu8hq9e5c,PUNY_IDNA,,📷🧑🦯,,,
xn--kg8hr2c,PUNY_IDNA,,😍🌄,,,
arossa,,,,,,
amphigonous,,,,,,
areadinho,,,,,,
bicolors,,,,,,
azureness,,,,,,
wofdnsdjswoac,,,,,,
moonlightrain,,,,,,
captainaustralia,,,,,,
zenhax,,,,,,
xn--hpab728eei0ae33k,PUNY_IDNA,,ʕಠꈊ◉ʔ,,,
carphotos,,,,,,
xn--6l8hldu6p,PUNY_IDNA,,🦶🏿🏉,,,
lifemedianews,,,,,,
flatout,,,,,,
blastactinota,,,,,,
0__9,4C,,,,,
daysea,,,,,,
nimbleship,,,,,,
xppe,4L,,,,,
weinern,,,,,,
whywater,,,,,,
aquastick,,,,,,
mercurian,,,,,,
artjpeg,,,,,,
xn--ng8hl2c,PUNY_IDNA,,😍🌇,,,
metaversesnipe,,,,,,
klebing,,,,,,
screwlife,,,,,,
wanderwave,,,,,,
opponitz,,,,,,
findbeats,,,,,,
polyphyodont,,,,,,
vorholz,,,,,,
xn--mt7hs0h,PUNY_IDNA,,🀄😍,,,
annualpasses,,,,,,
provedfact,,,,,,
indenizen,,,,,,
australianfederalgovernment,,,,,,
thedancers,,,,,,
xn--ng8hm2c,PUNY_IDNA,,🌇😍,,,
psychoda,,,,,,
faithblind,,,,,,
wellhellothere,,,,,,
cqcoal,,,,,,
turfsurf,,,,,,
heavenless,,,,,,
wenns,5L,,,,,
xn--plane-el2c,PUNY_IDNA,,plane✈,,,
mrsghost,,,,,,
rafc,4L,,,,,
xn--qfk,PUNY_IDNA,,ㄙ,,,
slavedealer,,,,,,
xn--j1dv7a9t,PUNY_IDNA,,አይካን,,,
popmail,,,,,,
8bad8,5C,,,,,
xn--v4hy400o,PUNY_IDNA,,☮🐐,,,
wankham,,,,,,
idkdao,,,,,,
vogelberg,,,,,,
sunnyglow,,,,,,
keepyuppy,,,,,,
himward,,,,,,
pezs,4L,,,,,
xn--vn8h0e,PUNY_IDNA,,🐄👑,,,
plsplz,,,,,,
4few,4C,,,,,
cyrenaicism,,,,,,
adiaphorism,,,,,,
basketmaking,,,,,,
fishnow,,,,,,
petstor,,,,,,
colorfulbird,,,,,,
numbxrz,,,,,,
garagemonkey,,,,,,
helisite,,,,,,
webfed,,,,,,
subsequences,,,,,,
bellare,,,,,,
rvarud,,,,,,
galvanist,,,,,,
rvstop,,,,,,
xn--nm8hh9a,PUNY_IDNA,,😍🏙,,,
shi3,4C,,,,,
bibliology,,,,,,
euthanasy,,,,,,
jokedev,,,,,,
dogvscat,,,,,,
newslifemedia,,,,,,
itcafe,,,,,,
mrgrant,,,,,,
masculism,,,,,,
bestnewswebsite,,,,,,
comura,,,,,,
exergame,,,,,,
gainsays,,,,,,
salesell,,,,,,
xnip,4L,,,,,
gracerios,,,,,,
isdao,5L,,,,,
fishmobile,,,,,,
1300smiles,,,,,,
webbob,,,,,,
garrarufafish,,,,,,
acontinental,,,,,,
brainruin,,,,,,
pressdept,,,,,,
rabbitwolf,,,,,,
naturesseascape,,,,,,
debbies,,,,,,
blockface,,,,,,
you-mail,,,,,,
creafamainc,,,,,,
miscarries,,,,,,
velzur,,,,,,
deathjoke,,,,,,
xn--7n8hvi,PUNY_IDNA,,💛🐐,,,
yesud,5L,,,,,
stakerx,,,,,,
xn--6l8h08g,PUNY_IDNA,,🏉🦶,,,
ok13,4C,,,,,
a414a,5C,,,,,
campingtip,,,,,,
sinism,,,,,,
skilletfish,,,,,,
byup,4L,,,,,
parrotpal,,,,,,
xn--is8he3f,PUNY_IDNA,,💦🦘,,,
moodguru,,,,,,
anon-0,,,,,,
yuleba,,,,,,
xnyc,4L,,,,,
mirical,,,,,,
gamesforlife,,,,,,
wanzbach,,,,,,
tatahitachi,,,,,,
8nnn8,5C,,,,,
idiologism,,,,,,
weisland,,,,,,
mskinner,,,,,,
iross,5L,,,,,
xn--rq8h1i54j,PUNY_IDNA,,📷👩🦱,,,
ch70,4C,,,,,
g414g,5C,,,,,
seaninja,,,,,,
actionfest,,,,,,
8odo8,5C,,,,,
shakeguide,,,,,,
dreamreaver,,,,,,
emigrations,,,,,,
pluralizes,,,,,,
solarimages,,,,,,
ch40,4C,,,,,
rain-water,,,,,,
urfahr,,,,,,
nihilify,,,,,,
openseafisher,,,,,,
isorropic,,,,,,
24hournews,,,,,,
chinesewhale,,,,,,
keepsailing,,,,,,
xn--n77hma016c,PUNY_IDNA,,🇯🇵🤝,,,
bluf,4L,,,,,
xtreme,,,,,,
sabirkend,,,,,,
imagg,5L,,,,,
niceweed,,,,,,
b4belief,,,,,,
fuckabyte,,,,,,
xn--syd5p9t,PUNY_IDNA,,ነፍስ,,,
ethereumos,,,,,,
publicfish,,,,,,
fasciate,,,,,,
seniorgirl,,,,,,
xn--tu8hkdo2m,PUNY_IDNA,,📷🧑🔬,,,
ship-money,,,,,,
boatpleasure,,,,,,
emccarthy,,,,,,
waidhausen,,,,,,
thatsnotaname,,,,,,
duboko,,,,,,
koalapicks,,,,,,
airvarie,,,,,,
b4boat,,,,,,
fractl,,,,,,
xcook,5L,,,,,
photohumor,,,,,,
vormoos,,,,,,
aquasurge,,,,,,
maxtrips,,,,,,
sunivers,,,,,,
xn--l3hz591o,PUNY_IDNA,,🤝☁,,,
digsair,,,,,,
xn--qg8h3y,PUNY_IDNA,,💙🌊,,,
shakebake,,,,,,
tourismtasmania,,,,,,
aussiewhale,,,,,,
ch43,4C,,,,,
topnewsarticles,,,,,,
ch48,4C,,,,,
sigmate,,,,,,
xn--wo8h3o,PUNY_IDNA,,🔗🐨,,,
watercity,,,,,,
4bush,5C,,,,,
tidechange,,,,,,
truckerpath,,,,,,
armyboats,,,,,,
mediasnewlife,,,,,,
phishery,,,,,,
govapi,,,,,,
xn--b6hgfd,PUNY_IDNA,,♠♦♥♣,,,
dongar,,,,,,
walkfree,,,,,,
unichord,,,,,,
thisisaname,,,,,,
boatlights,,,,,,
conquien,,,,,,
y414y,5C,,,,,
policeblockchain,,,,,,
webersdorf,,,,,,
qasimalilar,,,,,,
letitcook,,,,,,
purrfectlife,,,,,,
98au,4C,,,,,
moonwon,,,,,,
misaltered,,,,,,
cantofe,,,,,,
tldepotld,,,,,,
xn--bo8hf5a,PUNY_IDNA,,😆🐓,,,
web3donation,,,,,,
wavescrash,,,,,,
mylifesofar,,,,,,
xtogether,,,,,,
miothermic,,,,,,
