name,unicode,descript-IDNA,translate-IDNA,tags,expiry,value,maxBid,price,email,description
tozrht,,,,,15/02/2027 01:20:53,0,0,1,,
hrothzt,,,,,15/02/2027 01:20:53,0,0,1,,
angleworm,,,,,18/01/2027 09:59:17,0,1,7,,
xn--bh8ha96t,🌞😎🌞,SUN WITH FACE + SMILING FACE WITH SUNGLASSES + SUN WITH FACE,,PUNY_IDNA,18/01/2027 09:59:17,0,4,11,,
xn--moon,䕻䕴,"Letters + CJK UNIFIED IDEOGRAPH-457B, CJK UNIFIED IDEOGRAPH-4574",啻啴,PUNY_IDNA,18/01/2027 09:59:17,13,57,11,,
xn--good,䕰䕮,"Letters + CJK UNIFIED IDEOGRAPH-4570, CJK UNIFIED IDEOGRAPH-456E",丰丮,PUNY_IDNA,18/01/2027 09:59:17,0,57,11,,
xn--timaxal,㬗㬟㬟㬗㬡,"Letters + CJK UNIFIED IDEOGRAPH-3B17, CJK UNIFIED IDEOGRAPH-3B1F, CJK UNIFIED IDEOGRAPH-3B1F, CJK UNIFIED IDEOGRAPH-3B17, CJK UNIFIED IDEOGRAPH-3B21",㬗㬟㬟㬗㬡,PUNY_IDNA,18/01/2027 09:59:17,0,1559,11,,
bamrush,,,,,18/01/2027 09:59:17,1.010001,4,11,,
throst,,,,,15/02/2027 01:20:53,0,22,11,,
xn--2p8h55h,🪱👑,"Letters + WORM, CROWN",,PUNY_IDNA,18/01/2027 09:59:17,0,0.5,22,,
xn--qg8h71c,😋🌊,"Letters + FACE SAVOURING DELICIOUS FOOD, WATER WAVE",,PUNY_IDNA,18/01/2027 09:59:17,0.4,0.4207,22,,
xn--po8hib,🐡🐵,"Letters + BLOWFISH, MONKEY FACE",,PUNY_IDNA,18/01/2027 09:59:17,2.99,4.21,22,,
xn--mushroom,奴奮奪奺奼奷,Chinese/Japanese/Korean,奴奮奪奺奼奷,"PUNY_IDNA,CJK",18/01/2027 09:59:17,0,24,22,,
xn--fish,埃垿,Chinese/Japanese/Korean,Aiyu,"PUNY_IDNA,CJK",18/01/2027 09:59:17,0,54,22,,
xn--mushrooms,奴奮奿奪奺奼奷,Chinese/Japanese/Korean,奴奮奿奪奺奼奷,"PUNY_IDNA,CJK",18/01/2027 09:59:17,13,24,22,,
oldcute,,,,,18/01/2027 09:59:17,0.5,4,22,,
xn--iy8hj1d,🤍🕸,"Letters + WHITE HEART, SPIDER WEB",,PUNY_IDNA,18/01/2027 09:59:17,7,9,55,,
xn--7bi2588mba,🔥✌🔥,"Letters + FIRE, VICTORY HAND, FIRE",,PUNY_IDNA,18/01/2027 09:59:17,0,4,55,,
xn--vpn,䃗,Letters + CJK UNIFIED IDEOGRAPH-40D7,烗,PUNY_IDNA,18/01/2027 09:59:17,2,4,55,,
xn--w55l,𪞈,Letters + CJK UNIFIED IDEOGRAPH-2A788,𪞈,PUNY_IDNA,18/01/2027 09:59:17,0.001,4,55,,
xn--kitty-7d34d,kitty😻,LATIN SMALL LETTER K + LATIN SMALL LETTER I + LATIN SMALL LETTER T + LATIN SMALL LETTER T + LATIN SMALL LETTER Y + SMILING CAT FACE WITH HEART-SHAPED EYES,kitty😻,PUNY_IDNA,18/01/2027 09:59:17,0,7,55,,
xn--sdka1fb,フワフワ,Japanese,Fluffy,"PUNY_IDNA,Japanese",18/01/2027 09:59:17,0,17,55,,
xn--6r8hnw,😂💛,FACE WITH TEARS OF JOY + YELLOW HEART,,PUNY_IDNA,18/01/2027 09:59:17,0,0.41,55,,
simpledish,,,,,18/01/2027 09:59:17,0,0.4,55,,
kidsnames,,,,,18/01/2027 09:59:17,0.01,4,111,,
xn--xxif,⨇⨄,"Letters + TWO LOGICAL AND OPERATOR, N-ARY UNION OPERATOR WITH PLUS",“Mu”,PUNY_IDNA,18/01/2027 09:59:17,0.001,12,222,,
xn--f28h93c,🤣😁,"Letters + ROLLING ON THE FLOOR LAUGHING, GRINNING FACE WITH SMILING EYES",,PUNY_IDNA,18/01/2027 09:59:17,0,3.1,222,,
xn--i18hb,🗢🗡,"Letters + LIPS, DAGGER KNIFE",femme fatale,PUNY_IDNA,18/01/2027 09:59:17,2.99,10.01,222,,
xn--4fiv938m,➕👑,"Letters + HEAVY PLUS SIGN, CROWN",,PUNY_IDNA,18/01/2027 09:59:17,0.4,50,222,,
xn--cb7ba,침침,"Letters + HANGUL SYLLABLE CIM, HANGUL SYLLABLE CIM",drooling,PUNY_IDNA,18/01/2027 09:59:17,0,4,222,,
xn--80amepv,мираж,Cyrillic (Russian/Ukrainian),a mirage,"PUNY_IDNA,Cyrillic",18/01/2027 09:59:17,0,4,222,,
xn--r0y,盷,Chinese/Japanese/Korean,緷,"PUNY_IDNA,CJK",13/02/2027 02:18:29,6,11,222,,
xn--hes,圵,Chinese/Japanese/Korean,嵵,"PUNY_IDNA,CJK",18/01/2027 09:59:17,126,213,222,,
xn--formula,又变变叕収,Chinese/Japanese/Korean,Change and harvest again,"PUNY_IDNA,CJK",18/01/2027 09:59:17,0,37,222,,
xn--power,殿毇毁,Chinese/Japanese/Korean,The palace was destroyed,"PUNY_IDNA,CJK",18/01/2027 09:59:17,0,14,222,,
xn--8pvt78h,本革,Chinese/Japanese/Korean,genuine leather,"PUNY_IDNA,CJK",18/01/2027 09:59:17,0,14,222,,
xn--r0x,爮,Chinese/Japanese/Korean,爮,"PUNY_IDNA,CJK",13/02/2027 02:18:29,6,11,222,,
xn--v4hw420o,☮💛,PEACE SYMBOL + YELLOW HEART,,PUNY_IDNA,18/01/2027 09:59:17,3.99,7,555,,
xn--6r8h0n,💛🕸,"Letters + YELLOW HEART, SPIDER WEB",,PUNY_IDNA,18/01/2027 09:59:17,7,9,555,,
xn--sr8hf2f,🥰💍,"Letters + SMILING FACE WITH SMILING EYES AND THREE HEARTS, RING",,PUNY_IDNA,18/01/2027 09:59:17,40.1,41,555,,
xn--5h8hnq,👃🌼,"Letters + NOSE, BLOSSOM",smell the flowers,PUNY_IDNA,18/01/2027 09:59:17,0,0.1,2222,,
xn--n00b,끟,Letters + HANGUL SYLLABLE GGEUH,Wow,PUNY_IDNA,18/01/2027 09:59:17,0.01,27,2222,,
xn--nckh9tz79m,ケーキ屋,Japanese,cake shop,"PUNY_IDNA,Japanese",18/01/2027 09:59:17,0,4,2222,,
xn--80afpisy,готика,Cyrillic (Russian/Ukrainian),Gothic,"PUNY_IDNA,Cyrillic",18/01/2027 09:59:17,0,14,2222,,
xn--d1aeyma,джосс,Cyrillic (Russian/Ukrainian),joss,"PUNY_IDNA,Cyrillic",18/01/2027 09:59:17,0,14,2222,,
xn--j1aaclc,колко,Cyrillic (Russian/Ukrainian),how much,"PUNY_IDNA,Cyrillic",18/01/2027 09:59:17,0,4,2222,,
xn--80aa6ac2h,малая,Cyrillic (Russian/Ukrainian),small,"PUNY_IDNA,Cyrillic",18/01/2027 09:59:17,0,4,2222,,
xn--80afoini,никога,Cyrillic (Russian/Ukrainian),never,"PUNY_IDNA,Cyrillic",18/01/2027 09:59:17,0,7,2222,,
xn--m1abbj5a,сочно,Cyrillic (Russian/Ukrainian),juicy,"PUNY_IDNA,Cyrillic",18/01/2027 09:59:17,0,4,2222,,
xn--whr773l,通勤,Chinese/Japanese/Korean,commute,"PUNY_IDNA,CJK",18/01/2027 09:59:17,1,7,2222,,
xn--d4x91d,番犬,Chinese/Japanese/Korean,watchdog,"PUNY_IDNA,CJK",18/01/2027 09:59:17,0,3,2222,,
xn--x4w487d,混账,Chinese/Japanese/Korean,Asshole,"PUNY_IDNA,CJK",18/01/2027 09:59:17,0,4,2222,,
xn--20t,引,Chinese/Japanese/Korean,lead,"PUNY_IDNA,CJK",18/01/2027 09:59:17,256,1073,2222,,
xn--w4h6840o,☯🕉,"Letters + YIN YANG, OM SYMBOL",,PUNY_IDNA,18/01/2027 09:59:17,0.001,0.1,99999,,
xn--n3cpfk1fc7m,ภาพถ่าย,Thai,photo,"PUNY_IDNA,Thai",18/01/2027 09:59:17,0,176,,,
xn--i77hha4ab,🇮🇸🇪🇸,REGIONAL INDICATOR SYMBOL LETTER I + REGIONAL INDICATOR SYMBOL LETTER S + REGIONAL INDICATOR SYMBOL LETTER E + REGIONAL INDICATOR SYMBOL LETTER S,,PUNY_IDNA,18/01/2027 09:59:17,11,12,,,
xn--m77hua03o,🇮🇸🐴,REGIONAL INDICATOR SYMBOL LETTER I + REGIONAL INDICATOR SYMBOL LETTER S + HORSE FACE,,PUNY_IDNA,18/01/2027 09:59:17,2,3,,,
xn--2023-uz33cpd,🇦🇺2023,REGIONAL INDICATOR SYMBOL LETTER A + REGIONAL INDICATOR SYMBOL LETTER U + DIGIT TWO + DIGIT ZERO + DIGIT TWO + DIGIT THREE,🇦🇺2023,PUNY_IDNA,18/01/2027 09:59:17,1.52,17,,,
xn--h4h1110oggax8d4wf,🐵🙃🤓👽☠,"Letters + MONKEY FACE, UPSIDE-DOWN FACE, NERD FACE, EXTRATERRESTRIAL ALIEN, SKULL AND CROSSBONES",,PUNY_IDNA,18/01/2027 09:59:17,36,50,,,
xn--y5gz882c,ꓷ↋,"Letters + LISU LETTER OE, TURNED DIGIT THREE",ꓷ↋,PUNY_IDNA,18/01/2027 09:59:17,0,0.5,,,
xn--i8f,ᴛ,Letters + LATIN LETTER SMALL CAPITAL T,ᴛ,PUNY_IDNA,18/01/2027 09:59:17,11.5,134,,,
xn--9na9hz85fpa,ʟɪᴋᴇ,"Letters + LATIN LETTER SMALL CAPITAL L, LATIN LETTER SMALL CAPITAL I, LATIN LETTER SMALL CAPITAL K, LATIN LETTER SMALL CAPITAL E",ʟɪᴋᴇ,PUNY_IDNA,18/01/2027 09:59:17,0,4,,,
xn--kw8hb76rba,🟢🔵🔴🟡,"Letters + LARGE GREEN CIRCLE, LARGE BLUE CIRCLE, LARGE RED CIRCLE, LARGE YELLOW CIRCLE",,PUNY_IDNA,18/01/2027 09:59:17,0,0,,,
xn--2p8h74h,🪢👑,"Letters + KNOT, CROWN",,PUNY_IDNA,18/01/2027 09:59:17,0,0.5,,,
xn--ns8hz2f,🦘💫,"Letters + KANGAROO, DIZZY SYMBOL",,PUNY_IDNA,18/01/2027 09:59:17,2.99,10.01,,,
xn--audrey-2u34ega,🌿audrey🌿,"Letters + HERB, HERB",🌿audrey🌿,PUNY_IDNA,18/01/2027 09:59:17,0,7,,,
xn--xvhkj,⓵⓺⓽,"Letters + DOUBLE CIRCLED DIGIT ONE, DOUBLE CIRCLED DIGIT SIX, DOUBLE CIRCLED DIGIT NINE",⓵⓺⓽,PUNY_IDNA,18/01/2027 09:59:17,0,2,,,
xn--timothy-us15f,timothy🕶,Letters + DARK SUNGLASSES,timothy🕶,PUNY_IDNA,18/01/2027 09:59:17,0,7,,,
xn--169-uc1abb,1⃣6⃣9⃣,"Letters + COMBINING ENCLOSING KEYCAP, COMBINING ENCLOSING KEYCAP, COMBINING ENCLOSING KEYCAP",1⃣6⃣9⃣,PUNY_IDNA,18/01/2027 09:59:17,0,0.5,,,
xn--3k8h9cp5ew0e,🏕🎣🗺🤓,"Letters + CAMPING, FISHING POLE AND FISH, WORLD MAP, NERD FACE",,PUNY_IDNA,18/01/2027 09:59:17,13.63,95,,,
xn--98h1888m,📷⛈,"Letters + CAMERA, THUNDER CLOUD AND RAIN",,PUNY_IDNA,18/01/2027 09:59:17,0,1,,,
xn--tu8hq1e,📷🤯,"Letters + CAMERA, SHOCKED FACE WITH EXPLODING HEAD",,PUNY_IDNA,18/01/2027 09:59:17,0,1,,,
xn--mh8h12a,📷🌩,"Letters + CAMERA, CLOUD WITH LIGHTNING",,PUNY_IDNA,18/01/2027 09:59:17,0,1,,,
xn--tu8haacbb,📷📸📷📸📷📸,"Letters + CAMERA, CAMERA WITH FLASH, CAMERA, CAMERA WITH FLASH, CAMERA, CAMERA WITH FLASH",,PUNY_IDNA,18/01/2027 09:59:17,0.5,21,,,
xn--tu8ha,📷📷,"Letters + CAMERA, CAMERA",,PUNY_IDNA,18/01/2027 09:59:17,150,165,,,
xn--photography-sb96j,📷photography,Letters + CAMERA,📷photography,PUNY_IDNA,18/01/2027 09:59:17,25,57,,,
xn--b6hggb,♦♠♣♥,"Letters + BLACK DIAMOND SUIT, BLACK SPADE SUIT, BLACK CLUB SUIT, BLACK HEART SUIT",,PUNY_IDNA,18/01/2027 09:59:17,42,44,,,
xn--dck9ctd,ティム,Japanese,tim,"PUNY_IDNA,Japanese",18/01/2027 09:59:17,0,157,,,
xn--qei1558m,❤💛,HEAVY BLACK HEART + YELLOW HEART,,PUNY_IDNA,18/01/2027 09:59:17,3.99,7,,,
xn--4o8hr3f,🤩🐰,GRINNING FACE WITH STAR EYES + RABBIT FACE,,PUNY_IDNA,18/01/2027 09:59:17,0.39,4,,,
xn--fotoraf-qbb9n,fotoğrafı,European (Latin Extended),photo,"PUNY_IDNA,European",18/01/2027 09:59:17,12.2,254,,,
xn--dnfotoraf-q9aa33bga9w,düğünfotoğrafı,European (Latin Extended),weddingphoto,"PUNY_IDNA,European",18/01/2027 09:59:17,0,4,,,
xn--u1aaaa,хххх,Cyrillic (Russian/Ukrainian),xxxx,"PUNY_IDNA,Cyrillic",18/01/2027 09:59:17,1,7,,,
xn--85a200k,ӟḋ,Cyrillic (Russian/Ukrainian),ӟḋ,"PUNY_IDNA,Cyrillic",18/01/2027 09:59:17,0,0.6,,,
xn--80af6aaljmg3h1c,фотографія,Cyrillic (Russian/Ukrainian),photo,"PUNY_IDNA,Cyrillic",18/01/2027 09:59:17,0,76,,,
xn--b2wz32c,薄涛,Chinese/Japanese/Korean,Bo Tao,"PUNY_IDNA,CJK",18/01/2027 09:59:17,0.66,1,,,
xn--zbv,改,Chinese/Japanese/Korean,change,"PUNY_IDNA,CJK",18/01/2027 09:59:17,1.34,197,,,
xn--wgv71aj92d,日本茶,Chinese/Japanese/Korean,Japanese tea,"PUNY_IDNA,CJK",18/01/2027 09:59:17,0,13,,,
xn--45q71w,八宝,Chinese/Japanese/Korean,eight treasures,"PUNY_IDNA,CJK",18/01/2027 09:59:17,8,8.01,,,
xn--zr8hjae476b,💙💔💚🤎,BLUE HEART + BROKEN HEART + GREEN HEART + BROWN HEART,,PUNY_IDNA,18/01/2027 09:59:17,0,4,,,
purpleland,,,,,18/01/2027 09:59:17,0,4,,,
thzotr,,,,,15/02/2027 01:20:53,0,0,,,
853211,,,,6D,18/01/2027 09:59:17,0,1,,,
jmms,,,,4L,18/01/2027 09:59:17,0,30,,,
el-nino,,,,,18/01/2027 09:59:17,0.1,13,99999,,ES ‘the boy’
hrtohs,,,,,15/02/2027 01:20:53,0,0,,,
faxun,,,,5L,18/01/2027 09:59:17,10,132,,,
trthso,,,,,15/02/2027 01:20:53,0,0,,,
actgovau,,,,,18/01/2027 09:59:17,0.37,134,,,
death-bell,,,,,18/01/2027 09:59:17,0.3,4,,,
timothym,,,,,18/01/2027 09:59:17,1.19,163,,,
timax4l,,,,,18/01/2027 09:59:17,0.5,5.51,,,
heala,,,,5L,18/01/2027 09:59:17,0.36,11,,,
trhots,,,,,15/02/2027 01:20:53,0,0,,,
trztoh,,,,,15/02/2027 01:20:53,0,0,,,
brittneysmith,,,,,18/01/2027 09:59:17,1.21,14,,,
questtracking,,,,,22/08/2027 02:32:53,0,21.45,,,
creepyoldphotos,,,,,18/01/2027 09:59:17,0,1,,,
streuth,,,,,18/01/2027 09:59:17,0.42,27,,,
amazingdeath,,,,,18/01/2027 09:59:17,71,97,,,
otrhzt,,,,,15/02/2027 01:20:53,0,0,,,
rstho,,,,5L,15/02/2027 01:20:53,0,0,,,
nftphotography,,,,,18/01/2027 09:59:17,91,476,,,
allwise,,,,,18/01/2027 09:59:17,10,17,,,
rthso,,,,5L,15/02/2027 01:20:53,0,0,,,
8cru,,,,4C,18/01/2027 09:59:17,0,1,,,
hnsih,,,,5L,18/01/2027 09:59:17,3,12.5,,,
3dvidio,,,,,18/01/2027 09:59:17,1,2,,,
htxotr,,,,,15/02/2027 01:20:53,0,0,,,
grayphotography,,,,,18/01/2027 09:59:17,0.4,4,,,
questmove,,,,,22/08/2027 02:32:53,0,21.45,,,
naturfotos,,,,,18/01/2027 09:59:17,0,157,,,
691t,,,,4C,18/01/2027 09:59:17,0,0.4,,,
friedworms,,,,,18/01/2027 09:59:17,0,8,,,
hnsib,,,,5L,18/01/2027 09:59:17,3,12.5,,,
mrsp5lrfaoxtjzvsihwj2asebw3wngnoaptwwa376qs7ubbiyppa,,,,,18/01/2027 09:59:17,0,25.5,,,
anyos,,,,5L,18/01/2027 09:59:17,2,187,,,
nig-fag,,,,,18/01/2027 09:59:17,0,3,,,
hnsij,,,,5L,18/01/2027 09:59:17,3,12.5,,,
tim4x4l,,,,,18/01/2027 09:59:17,0,7,,,
orxtht,,,,,15/02/2027 01:20:53,0,0,,,
rodge,,,,5L,18/01/2027 09:59:17,0,2,,,
trthxo,,,,,15/02/2027 01:20:53,0,0,,,
claretred,,,,,18/01/2027 09:59:17,0,0,,,
addressusa,,,,,18/01/2027 09:59:17,0,0.4,,,
naturfotograf,,,,,18/01/2027 09:59:17,0.4,34,,,
htzort,,,,,15/02/2027 01:20:53,0,0,,,
playerjoining,,,,,22/08/2027 02:32:53,0,21.45,,,
paleasdeath,,,,,18/01/2027 09:59:17,0,0,,,
thzort,,,,,15/02/2027 01:20:53,0,0,,,
donaldjames,,,,,18/01/2027 09:59:17,1.21,222,,,
tohrzt,,,,,15/02/2027 01:20:53,0,0,,,
phungu,,,,,18/01/2027 09:59:17,1.906622,2,,,
t1max4l,,,,,18/01/2027 09:59:17,0.5,5.51,,,
hnsim,,,,5L,18/01/2027 09:59:17,3,753,,,
hrstoh,,,,,15/02/2027 01:20:53,0,0,,,
t-i-d-e,,,,,18/01/2027 09:59:17,202,503,,,
fotouti,,,,,18/01/2027 09:59:17,1.3,4,,,
wavebliss,,,,,18/01/2027 09:59:17,1e-06,4,,,
handshakepoet,,,,,18/01/2027 09:59:17,0,4,,,
bambelo,,,,,18/01/2027 09:59:17,1.010001,4,,,
rayjo,,,,5L,18/01/2027 09:59:17,4,5,,,
questline,,,,,22/08/2027 02:32:53,0,21.45,,,
thztro,,,,,15/02/2027 01:20:53,0,0,,,
hnsarmy,,,,,18/01/2027 09:59:17,18,37,,,
vicgovau,,,,,18/01/2027 09:59:17,0,172,,,
proof-read,,,,,18/01/2027 09:59:17,1.05,15,,,
trtohx,,,,,15/02/2027 01:20:53,0,0,,,
trutopian,,,,,18/01/2027 09:59:17,1.41,13,,,
releasegive,,,,,18/01/2027 09:59:17,0,0,,,
fotosdefamilia,,,,,18/01/2027 09:59:17,0.4,3,,,
photophrag,,,,,18/01/2027 09:59:17,0,1.01,,,
thrtxo,,,,,15/02/2027 01:20:53,0,0,,,
hrxoth,,,,,15/02/2027 01:20:53,0,0,,,
1769t,,,,5C,18/01/2027 09:59:17,0,14,,,
yarie,,,,5L,18/01/2027 09:59:17,5,7,,,
hrshot,,,,,15/02/2027 01:20:53,0,0,,,
groundedly,,,,,18/01/2027 09:59:17,0.414999,4,,,
whalet,,,,,18/01/2027 09:59:17,1.53,17,,,
htothrs,,,,,15/02/2027 01:20:53,0,0,,,
numeronym,,,,,18/01/2027 09:59:17,0,1,,,
maryuk,,,,,18/01/2027 09:59:17,1.7,14,,,
willgift,,,,,18/01/2027 09:59:17,0.708,2,,,
hnsif,,,,5L,18/01/2027 09:59:17,3,12.5,,,
skatebaord,,,,,18/01/2027 09:59:17,0,0.4,,,
3dnet,,,,5C,18/01/2027 09:59:17,0,5,,,
thrtoz,,,,,15/02/2027 01:20:53,0,0,,,
orstht,,,,,15/02/2027 01:20:53,0,0,,,
gaintrack,,,,,22/08/2027 02:32:53,0,21.45,,,
thortz,,,,,15/02/2027 01:20:53,0,785.682,,,
wormboygenius,,,,,18/01/2027 09:59:17,0,2,,,
otzhtr,,,,,15/02/2027 01:20:53,0,0,,,
t1maxal,,,,,18/01/2027 09:59:17,0.5,5.51,,,
undertakerlike,,,,,18/01/2027 09:59:17,0.05,1,,,
fotofrag,,,,,18/01/2027 09:59:17,0,1.01,,,
timmyco,,,,,18/01/2027 09:59:17,4.504999,6,,,
openloans,,,,,18/01/2027 09:59:17,0.11,4,,,
teee,,,,4L,18/01/2027 09:59:17,777,1756,,,
movedeath,,,,,18/01/2027 09:59:17,0,0.794,,,
htorst,,,,,15/02/2027 01:20:53,0,0,,,
rhtso,,,,5L,15/02/2027 01:20:53,0,0,,,
wagovau,,,,,18/01/2027 09:59:17,0.32,123,,,
torthx,,,,,15/02/2027 01:20:53,0,0,,,
rzhto,,,,5L,15/02/2027 01:20:53,0,0,,,
hrsorh,,,,,15/02/2027 01:20:53,0,0,,,
toshtr,,,,,15/02/2027 01:20:53,0,0,,,
friendfish,,,,,18/01/2027 09:59:17,0,4,,,
gold-bug,,,,,18/01/2027 09:59:17,0,4,,,
gt01,,,,4C,18/01/2027 09:59:17,0,93,,,
rubricity,,,,,18/01/2027 09:59:17,0,4,,,
otxthr,,,,,15/02/2027 01:20:53,0,0,,,
hrosth,,,,,15/02/2027 01:20:53,0,0,,,
gt05,,,,4C,18/01/2027 09:59:17,0,24,,,
misterdj,,,,,18/01/2027 09:59:17,5,7,,,
big-win,,,,,18/01/2027 09:59:17,0.41,3,,,
4dnfts,,,,,18/01/2027 09:59:17,0,0.1,,,
throts,,,,,15/02/2027 01:20:53,0,32.495,,,
debtafterdeath,,,,,18/01/2027 09:59:17,0,13,,,
17011969,,,,,18/01/2027 09:59:17,0,1.01,,,
hrothst,,,,,15/02/2027 01:20:53,0,0,,,
baby-killer,,,,,18/01/2027 09:59:17,0,3,,,
hautejpegs,,,,,18/01/2027 09:59:17,0,1,,,
garden-mold,,,,,18/01/2027 09:59:17,0,2,,,
photobookdesign,,,,,18/01/2027 09:59:17,0,3,,,
ninjathug,,,,,18/01/2027 09:59:17,0.005,21,,,
gt02,,,,4C,18/01/2027 09:59:17,0,27,,,
trxoht,,,,,15/02/2027 01:20:53,0,0,,,
urbanpress,,,,,18/01/2027 09:59:17,0,14,,,
paleasacorpse,,,,,18/01/2027 09:59:17,0,0,,,
laxamit,,,,,18/01/2027 09:59:17,0,13,,,
newsreward,,,,,18/01/2027 09:59:17,0.013,4,,,
rhtos,,,,5L,15/02/2027 01:20:53,0,0,,,
trata_de_blancas,,,,,18/01/2027 09:59:17,0,15,,,
boyswear,,,,,18/01/2027 09:59:17,0.27,7,,,
naturalmineral,,,,,18/01/2027 09:59:17,0.34,12,,,
birthflower,,,,,18/01/2027 09:59:17,0,4,,,
rephotograph,,,,,18/01/2027 09:59:17,0.02,1,,,
useyellow,,,,,18/01/2027 09:59:17,0.7151,3,,,
redgoods,,,,,18/01/2027 09:59:17,0,2,,,
kingtea,,,,,18/01/2027 09:59:17,0,14,,,
gt06,,,,4C,18/01/2027 09:59:17,0,76,,,
luckyrx,,,,,18/01/2027 09:59:17,1,3,,,
nftgraphy,,,,,18/01/2027 09:59:17,1.19,11,,,
hnsip,,,,5L,18/01/2027 09:59:17,100.41,277,,,
thorts,,,,,15/02/2027 01:20:53,0,397.736,,,
gt04,,,,4C,18/01/2027 09:59:17,0,23,,,
othrx,,,,5L,15/02/2027 01:20:53,0,0,,,
thecryptobook,,,,,18/01/2027 09:59:17,0,2,,,
rzoht,,,,5L,15/02/2027 01:20:53,0,0,,,
autim,,,,5L,18/01/2027 09:59:17,0,0,,,
otzrht,,,,,15/02/2027 01:20:53,0,0,,,
bestsheets,,,,,18/01/2027 09:59:17,0.5,6,,,
rhtozt,,,,,15/02/2027 01:20:53,0,0,,,
tshirt,,,,,18/01/2027 09:59:17,500.01,1534,,,
difficultchild,,,,,18/01/2027 09:59:17,0,4,,,
toxtrh,,,,,15/02/2027 01:20:53,0,0,,,
petnow,,,,,18/01/2027 09:59:17,1.1,12.2,,,
unitednationdao,,,,,18/01/2027 09:59:17,1.16,17,,,
hideother,,,,,18/01/2027 09:59:17,0,0.741,,,
torths,,,,,15/02/2027 01:20:53,0,40.324,,,
hrozth,,,,,15/02/2027 01:20:53,0,0,,,
missmultiverse,,,,,18/01/2027 09:59:17,0.92,17,,,
robloxart,,,,,18/01/2027 09:59:17,4.97,11,,,
7im4xal,,,,,18/01/2027 09:59:17,0.5,5.51,,,
june1,,,,5C,18/01/2027 09:59:17,0.33,27,,,
herbalize,,,,,18/01/2027 09:59:17,0,4,,,
nftphotos,,,,,18/01/2027 09:59:17,91,796,,,
tmth,,,,4L,18/01/2027 09:59:17,2.04,18.7,,,
yellowcolor,,,,,18/01/2027 09:59:17,0,0,,,
11even,,,,,18/01/2027 09:59:17,0,1,,,
roundrotation,,,,,22/08/2027 02:32:53,0,21.45,,,
gangliar,,,,,18/01/2027 09:59:17,0.3,4,,,
ultim8,,,,,18/01/2027 09:59:17,0,17,,,
71max4l,,,,,18/01/2027 09:59:17,0.5,5.51,,,
attheend,,,,,18/01/2027 09:59:17,0,8,,,
13ez,,,,4C,18/01/2027 09:59:17,0.5,3,,,
protographer,,,,,18/01/2027 09:59:17,0,1.8,,,
aussieshaker,,,,,18/01/2027 09:59:17,0,0,,,
trsoth,,,,,15/02/2027 01:20:53,0,0,,,
australianlotto,,,,,18/01/2027 09:59:17,25,301,,,
underphoto,,,,,18/01/2027 09:59:17,0,27,,,
wuxing,,,,,06/02/2027 07:20:53,10,276,,,
othrzt,,,,,15/02/2027 01:20:53,0,0,,,
beardtree,,,,,18/01/2027 09:59:17,10,17,,,
autisminstitute,,,,,18/01/2027 09:59:17,0,67,,,
autismtherapy,,,,,18/01/2027 09:59:17,5.111,34,,,
sikjan,,,,,18/01/2027 09:59:17,0.01,5,,,
untildeath,,,,,18/01/2027 09:59:17,0.3,17,,,
photographyapps,,,,,18/01/2027 09:59:17,0,3,,,
thesunnycoast,,,,,18/01/2027 09:59:17,0.74,250,,,
gemflipper,,,,,18/01/2027 09:59:17,0,2,,,
pearlcare,,,,,18/01/2027 09:59:17,0,1,,,
tostrh,,,,,15/02/2027 01:20:53,0,0,,,
cidda,,,,5L,18/01/2027 09:59:17,2,15,,,
p-r-e-s-s,,,,,18/01/2027 09:59:17,0.45,18,,,
xhate,,,,5L,18/01/2027 09:59:17,0.41,8,,,
htxtro,,,,,15/02/2027 01:20:53,0,0,,,
faggot-nigger,,,,,18/01/2027 09:59:17,0,3,,,
feebill,,,,,18/01/2027 09:59:17,0,7,,,
stereophoto,,,,,18/01/2027 09:59:17,0,120,,,
roundtoit,,,,,18/01/2027 09:59:17,0,10,,,
thisme,,,,,18/01/2027 09:59:17,4.3,13,,,
undaberg,,,,,18/01/2027 09:59:17,0,275,,,
diceboard,,,,,22/08/2027 02:32:53,0,21.45,,,
surfimages,,,,,18/01/2027 09:59:17,0,37,,,
taskexchange,,,,,22/08/2027 02:32:53,0,21.45,,,
autismlive,,,,,18/01/2027 09:59:17,0.1,3,,,
thzrto,,,,,15/02/2027 01:20:53,0,0,,,
xfot,,,,4L,18/01/2027 09:59:17,0.11,5,,,
rtohs,,,,5L,15/02/2027 01:20:53,0,0,,,
grafix,,,,,18/01/2027 09:59:17,0,0.01,,,
wunfoto,,,,,18/01/2027 09:59:17,0,1.01,,,
t1m4xal,,,,,18/01/2027 09:59:17,0.5,5.51,,,
proequity,,,,,18/01/2027 09:59:17,0,3,,,
hackdeeznuts,,,,,18/01/2027 09:59:17,1.35,7,,,
timalander,,,,,18/01/2027 09:59:17,0.69,1,,,
freephotoalbum,,,,,18/01/2027 09:59:17,0.5,2,,,
sydne,,,,5L,18/01/2027 09:59:17,0,0.333,,,
ngnx,,,,4L,18/01/2027 09:59:17,10,43,,,
12rf,,,,4C,18/01/2027 09:59:17,5,16,,,
xmages,,,,,18/01/2027 09:59:17,0.01,3,,,
batchid,,,,,18/01/2027 09:59:17,0.32,4,,,
bonedust,,,,,18/01/2027 09:59:17,0.7751,3,,,
robertism,,,,,18/01/2027 09:59:17,0.99,113.68,,,
tlded,,,,5L,18/01/2027 09:59:17,0.01,43,,,
xn--flow,,,,PUNY_INVALID,18/01/2027 09:59:17,15,43,,,
phonetik,,,,,18/01/2027 09:59:17,0.011,14,,,
maryisabel,,,,,18/01/2027 09:59:17,0,1,,,
clinicshop,,,,,18/01/2027 09:59:17,0.013,7,,,
81114,,,,5D,18/01/2027 09:59:17,0.6,5,,,
tv-tube,,,,,18/01/2027 09:59:17,0.005,4,,,
theninjas,,,,,18/01/2027 09:59:17,0,14,,,
thztor,,,,,15/02/2027 01:20:53,0,0,,,
stereoscopic,,,,,18/01/2027 09:59:17,25,52.52,,,
rxorh,,,,5L,15/02/2027 01:20:53,0,0,,,
autismteacher,,,,,18/01/2027 09:59:17,0,4,,,
ownblockchain,,,,,18/01/2027 09:59:17,4.000001,4.1,,,
auhns,,,,5L,18/01/2027 09:59:17,0,157,,,
timaskal,,,,,18/01/2027 09:59:17,5.01,42,,,
htortz,,,,,15/02/2027 01:20:53,0,0,,,
r416,,,,4C,18/01/2027 09:59:17,0,14,,,
deathbill,,,,,18/01/2027 09:59:17,0,4,,,
furryfiesta,,,,,18/01/2027 09:59:17,0,6.5,,,
rehearsalstudio,,,,,18/01/2027 09:59:17,0,3,,,
daown,,,,5L,18/01/2027 09:59:17,0,1,,,
timwei,,,,,18/01/2027 09:59:17,1.97,6,,,
othrs,,,,5L,15/02/2027 01:20:53,0,0,,,
carspics,,,,,18/01/2027 09:59:17,0,17,,,
tm69,,,,4C,18/01/2027 09:59:17,0.27,1,,,
uiytv,,,,5L,18/01/2027 09:59:17,0,0.2,,,
rhsot,,,,5L,15/02/2027 01:20:53,0,0,,,
barkandpurr,,,,,18/01/2027 09:59:17,0,6.5,,,
tohtxr,,,,,15/02/2027 01:20:53,0,0,,,
otztrh,,,,,15/02/2027 01:20:53,0,0,,,
elicence,,,,,18/01/2027 09:59:17,0,17,,,
trzhot,,,,,15/02/2027 01:20:53,0,0,,,
rxoht,,,,5L,15/02/2027 01:20:53,0,0,,,
killabortionists,,,,,18/01/2027 09:59:17,0,3,,,
trzoht,,,,,15/02/2027 01:20:53,0,0,,,
tube-tv,,,,,18/01/2027 09:59:17,0.005,4,,,
torthz,,,,,15/02/2027 01:20:53,0,0,,,
niggerniggernigger,,,,,18/01/2027 09:59:17,0,3,,,
smiledear,,,,,18/01/2027 09:59:17,0,4,,,
earthgov,,,,,18/01/2027 09:59:17,1.02,111,,,
htsotr,,,,,15/02/2027 01:20:53,0,0,,,
ozcorp,,,,,18/01/2027 09:59:17,0,3,,,
ntgovau,,,,,18/01/2027 09:59:17,0,143,,,
rtohx,,,,5L,15/02/2027 01:20:53,0,0,,,
torhst,,,,,15/02/2027 01:20:53,0,0,,,
htorxt,,,,,15/02/2027 01:20:53,0,0,,,
tim4xal,,,,,18/01/2027 09:59:17,0,7,,,
hrztho,,,,,15/02/2027 01:20:53,0,0,,,
90317,,,,5D,18/01/2027 09:59:17,0.6,27,,,
lifesetup,,,,,18/01/2027 09:59:17,0.5111,14,,,
spam69,,,,,18/01/2027 09:59:17,0,0.01,,,
thortx,,,,,15/02/2027 01:20:53,0,219.692,,,
photographen,,,,,18/01/2027 09:59:17,25.66,45,,,
daned,,,,5L,18/01/2027 09:59:17,0,1.04,,,
rztho,,,,5L,15/02/2027 01:20:53,0,0,,,
xlovex,,,,,18/01/2027 09:59:17,0.41,3,,,
trustrustrust,,,,,18/01/2027 09:59:17,5,256,,,
n_e_w_s,,,,,18/01/2027 09:59:17,5,73,,,
thxort,,,,,15/02/2027 01:20:53,0,0,,,
dtim,,,,4L,18/01/2027 09:59:17,0,5,,,
teacup,,,,,18/01/2027 09:59:17,410,454,,,
hidemany,,,,,18/01/2027 09:59:17,0.851,3,,,
71m4xal,,,,,18/01/2027 09:59:17,0.5,5.51,,,
rhzot,,,,5L,15/02/2027 01:20:53,0,0,,,
deathstay,,,,,18/01/2027 09:59:17,0,4,,,
caveside,,,,,18/01/2027 09:59:17,0.1,5.11,,,
fujidevil,,,,,18/01/2027 09:59:17,0,1,,,
3dbox,,,,5C,18/01/2027 09:59:17,0.14,4,,,
trhotz,,,,,15/02/2027 01:20:53,0,0,,,
birthdaydelivery,,,,,18/01/2027 09:59:17,0,3,,,
gt07,,,,4C,18/01/2027 09:59:17,0,25.6,,,
trzoth,,,,,15/02/2027 01:20:53,0,0,,,
accountantlist,,,,,18/01/2027 09:59:17,0,4,,,
orthtx,,,,,15/02/2027 01:20:53,0,0,,,
b-o-t,,,,5C,18/01/2027 09:59:17,1,13,,,
pawpets,,,,,18/01/2027 09:59:17,0,0.1,,,
charitypictures,,,,,18/01/2027 09:59:17,0,3,,,
deatheaters,,,,,18/01/2027 09:59:17,0,14,,,
purplefan,,,,,18/01/2027 09:59:17,0,14,,,
rhtoz,,,,5L,15/02/2027 01:20:53,0,0,,,
babykillers,,,,,18/01/2027 09:59:17,0,3,,,
nigfag,,,,,18/01/2027 09:59:17,0.45,3,,,
htothrx,,,,,15/02/2027 01:20:53,0,0,,,
killbums,,,,,18/01/2027 09:59:17,0,3,,,
otxrth,,,,,15/02/2027 01:20:53,0,0,,,
toxrht,,,,,15/02/2027 01:20:53,0,0,,,
thxtor,,,,,15/02/2027 01:20:53,0,0,,,
toshrt,,,,,15/02/2027 01:20:53,0,0,,,
thrtos,,,,,15/02/2027 01:20:53,0,0,,,
hnsiz,,,,5L,18/01/2027 09:59:17,3,12.5,,,
fag-nig,,,,,18/01/2027 09:59:17,0,3,,,
newsme,,,,,18/01/2027 09:59:17,1.1123,27,,,
8rank,,,,5C,18/01/2027 09:59:17,0.01,1,,,
stereophotography,,,,,18/01/2027 09:59:17,0,0,,,
gentlehoney,,,,,18/01/2027 09:59:17,0,1.1,,,
imjimj,,,,,18/01/2027 09:59:17,0,0,,,
wrom,,,,4L,18/01/2027 09:59:17,3.0001,9,,,
trhost,,,,,15/02/2027 01:20:53,0,0,,,
breathfigure,,,,,18/01/2027 09:59:17,0,0.746,,,
altim,,,,5L,18/01/2027 09:59:17,0.01,3,,,
thotsr,,,,,15/02/2027 01:20:53,0,0,,,
hrzoth,,,,,15/02/2027 01:20:53,0,0,,,
deadpictures,,,,,18/01/2027 09:59:17,0,4,,,
fag-nigger,,,,,18/01/2027 09:59:17,0,3,,,
ppix,,,,4L,18/01/2027 09:59:17,2,3,,,
69171,,,,5D,18/01/2027 09:59:17,0.6,16,,,
japanft,,,,,18/01/2027 09:59:17,0.54,74,,,
watermarkphotos,,,,,18/01/2027 09:59:17,0,3,,,
thetalkofthetown,,,,,18/01/2027 09:59:17,0.1,17,,,
earthermometers,,,,,18/01/2027 09:59:17,0,3,,,
otzhrt,,,,,15/02/2027 01:20:53,0,0,,,
marysbell,,,,,18/01/2027 09:59:17,0,1,,,
tidology,,,,,18/01/2027 09:59:17,0.46,2,,,
nftw3b,,,,,18/01/2027 09:59:17,1.75,37,,,
calmgoat,,,,,18/01/2027 09:59:17,1.39,9.5,,,
trxoth,,,,,15/02/2027 01:20:53,0,0,,,
rhxor,,,,5L,15/02/2027 01:20:53,0,0,,,
fotosgratis,,,,,18/01/2027 09:59:17,11,107,,,
anglings,,,,,18/01/2027 09:59:17,0,4,,,
enapt,,,,5L,18/01/2027 09:59:17,2,7,,,
jizau,,,,5L,18/01/2027 09:59:17,0,12.5,,,
getnature,,,,,18/01/2027 09:59:17,0.013,11,,,
femalesea,,,,,18/01/2027 09:59:17,0,7,,,
888zh,,,,5C,18/01/2027 09:59:17,0.47,52,,,
mountain-side,,,,,18/01/2027 09:59:17,0,2,,,
otxrht,,,,,15/02/2027 01:20:53,0,0,,,
orses,,,,5L,18/01/2027 09:59:17,4,4,,,
chineasy,,,,,18/01/2027 09:59:17,0.91,21,,,
nft3d,,,,5C,18/01/2027 09:59:17,5,43.9,,,
niggerfag,,,,,18/01/2027 09:59:17,0,3,,,
trsoht,,,,,15/02/2027 01:20:53,0,0,,,
figurebreath,,,,,18/01/2027 09:59:17,0,0.7132,,,
aboutlife,,,,,18/01/2027 09:59:17,1.18,5,,,
htsort,,,,,15/02/2027 01:20:53,0,0,,,
8gt,,,,3C,18/01/2027 09:59:17,0.40008,1,,,
domainbro,,,,,18/01/2027 09:59:17,0,14,,,
maryisabelle,,,,,18/01/2027 09:59:17,0,1,,,
castlemountain,,,,,18/01/2027 09:59:17,0.1,5.11,,,
tasgovau,,,,,18/01/2027 09:59:17,0.31,143,,,
yatt0,,,,5C,18/01/2027 09:59:17,0.16,4,,,
howtofishing,,,,,18/01/2027 09:59:17,1,18,,,
hnsiu,,,,5L,18/01/2027 09:59:17,3,12.5,,,
throtz,,,,,15/02/2027 01:20:53,0,143.48,,,
deceasedformer,,,,,18/01/2027 09:59:17,0,0,,,
feardeath,,,,,18/01/2027 09:59:17,0,4,,,
gemstoslay,,,,,18/01/2027 09:59:17,0.69,1,,,
sagovau,,,,,18/01/2027 09:59:17,0.39,132,,,
hroxth,,,,,15/02/2027 01:20:53,0,0,,,
superiorlife,,,,,18/01/2027 09:59:17,0,5,,,
thxtro,,,,,15/02/2027 01:20:53,0,0,,,
aussiehandshaker,,,,,18/01/2027 09:59:17,0,1.11,,,
microhabitat,,,,,18/01/2027 09:59:17,0,4,,,
turnsequence,,,,,22/08/2027 02:32:53,0,21.45,,,
thehandshakepoet,,,,,18/01/2027 09:59:17,0,4,,,
10facts,,,,,18/01/2027 09:59:17,0,2,,,
animaltreatment,,,,,18/01/2027 09:59:17,0,3,,,
gemflip,,,,,18/01/2027 09:59:17,0,1,,,
naturepacks,,,,,18/01/2027 09:59:17,1e-06,4,,,
hrthzo,,,,,15/02/2027 01:20:53,0,0,,,
hrtohx,,,,,15/02/2027 01:20:53,0,0,,,
earthdead,,,,,18/01/2027 09:59:17,0.761,4,,,
hand-gear,,,,,18/01/2027 09:59:17,0,2,,,
54942169,,,,,18/01/2027 09:59:17,0,1,,,
pro-liberty,,,,,18/01/2027 09:59:17,0,3,,,
deckmerge,,,,,22/08/2027 02:32:53,0,21.45,,,
nftgoat,,,,,18/01/2027 09:59:17,8,8.01,,,
rayaverse,,,,,18/01/2027 09:59:17,0,4,,,
farmtopalm,,,,,18/01/2027 09:59:17,1e-06,4,,,
seawanderer,,,,,18/01/2027 09:59:17,10,72,,,
trhozt,,,,,15/02/2027 01:20:53,0,0,,,
tohrst,,,,,15/02/2027 01:20:53,0,0,,,
cezza,,,,5L,18/01/2027 09:59:17,0.41,0.5,,,
compostpile,,,,,18/01/2027 09:59:17,0,5,,,
kmrt,,,,4L,18/01/2027 09:59:17,11.1,21,,,
19690117,,,,,18/01/2027 09:59:17,0,1,,,
primarysuccession,,,,,18/01/2027 09:59:17,0,1,,,
naturalburial,,,,,18/01/2027 09:59:17,1.08,57,,,
rhzor,,,,5L,15/02/2027 06:08:53,0,0,,,
emojimosaic,,,,,18/01/2027 09:59:17,0.4,1,,,
janaj,,,,5L,18/01/2027 09:59:17,0,0,,,
death-penny,,,,,18/01/2027 09:59:17,0,1,,,
rhzto,,,,5L,15/02/2027 06:08:53,0,0,,,
namemail,,,,,18/01/2027 09:59:17,1.5,57,,,
21january,,,,,18/01/2027 09:59:17,1,73,,,
htsrot,,,,,15/02/2027 06:08:53,0,0,,,
tratadeblancas,,,,,18/01/2027 09:59:17,0,15,,,
webauthors,,,,,18/01/2027 09:59:17,0,5,,,
projustice,,,,,18/01/2027 09:59:17,0,3,,,
deathfeed,,,,,18/01/2027 09:59:17,0.898,4,,,
hrxtho,,,,,15/02/2027 06:08:53,0,0,,,
timelifetime,,,,,18/01/2027 09:59:17,0,1.001,,,
win-big,,,,,18/01/2027 09:59:17,0.41,3,,,
stawmclowd,,,,,18/01/2027 09:59:17,0,150,,,
xn--qei9934emqxg,😊❤️,,,PUNY_ALT,18/01/2027 09:59:17,6.91,10,,,
theblackdog,,,,,18/01/2027 09:59:17,0,4,,,
gt08,,,,4C,18/01/2027 09:59:17,0,103,,,
apqi,,,,4L,18/01/2027 09:59:17,0,0.41,,,
sikanika,,,,,18/01/2027 09:59:17,0.01,0.011,,,
orhtzt,,,,,15/02/2027 06:08:53,0,0,,,
otzthr,,,,,15/02/2027 06:08:53,0,0,,,
domainfinity,,,,,18/01/2027 09:59:17,1.25,37,,,
trshot,,,,,15/02/2027 06:08:53,0,0,,,
xn--7bi5154e9pxg,😆✌️,,,PUNY_ALT,18/01/2027 09:59:17,6.73,10,,,
spicnspan,,,,,18/01/2027 09:59:17,0,4,,,
strokepat,,,,,18/01/2027 09:59:17,0,1.001,,,
revegetating,,,,,18/01/2027 09:59:17,0,4,,,
trxorh,,,,,15/02/2027 06:08:53,0,0,,,
aboutfilm,,,,,18/01/2027 09:59:17,0,0.4,,,
tozrth,,,,,15/02/2027 06:08:53,0,0,,,
bookmen,,,,,18/01/2027 09:59:17,0,6,,,
flowerpics,,,,,18/01/2027 09:59:17,0,14,,,
agistments,,,,,18/01/2027 09:59:17,0,4,,,
arofo,,,,5L,18/01/2027 09:59:17,0,0.01,,,
idiocrasy,,,,,18/01/2027 09:59:17,0,26,,,
hroths,,,,,15/02/2027 06:08:53,0,0,,,
shiprekt,,,,,18/01/2027 09:59:17,1.16,15,,,
weekplanner,,,,,22/08/2027 02:32:53,18,21.45,,,
thsotr,,,,,15/02/2027 06:08:53,0,0,,,
auxilam,,,,,18/01/2027 09:59:17,0,17,,,
otstrh,,,,,15/02/2027 06:08:53,0,0,,,
fernance,,,,,18/01/2027 09:59:17,1.2,576,,,
huntfish,,,,,18/01/2027 09:59:17,0.3,21,,,
timalings,,,,,18/01/2027 09:59:17,0.69,1,,,
rzorh,,,,5L,15/02/2027 06:08:53,0,0,,,
sonicarmy,,,,,18/01/2027 09:59:17,0.45,3,,,
press-release,,,,,18/01/2027 09:59:17,0.45,33,,,
trtohs,,,,,15/02/2027 06:08:53,0,0,,,
geographix,,,,,18/01/2027 09:59:17,0.005,11,,,
ozzo,,,,4L,15/02/2027 06:08:53,50,300,,,
menubowl,,,,,18/01/2027 09:59:17,0,4,,,
rthozt,,,,,15/02/2027 06:08:53,0,0,,,
thsrto,,,,,15/02/2027 06:08:53,0,0,,,
squigglenft,,,,,18/01/2027 09:59:17,0,1,,,
aroundtoit,,,,,18/01/2027 09:59:17,0,10,,,
ladyinred,,,,,18/01/2027 09:59:17,0.5,5.6,,,
hnsaustralia,,,,,18/01/2027 09:59:17,21,1532,,,
3d-nft,,,,,18/01/2027 09:59:17,0,3.41,,,
seddir,,,,,18/01/2027 09:59:17,3.211711,4,,,
71m4x4l,,,,,18/01/2027 09:59:17,0.5,5.51,,,
71104,,,,5D,18/01/2027 09:59:17,0.4,53,,,
thstro,,,,,15/02/2027 06:08:53,0,0,,,
13gt,,,,4C,18/01/2027 09:59:17,0.5,3,,,
healerhub,,,,,18/01/2027 09:59:17,222.22,726,,,
timau,,,,5L,18/01/2027 09:59:17,0,0,,,
deathamazing,,,,,18/01/2027 09:59:17,0,17,,,
orhts,,,,5L,15/02/2027 06:08:53,0,0,,,
timtohy,,,,,18/01/2027 09:59:17,0,17,,,
orstts,,,,,15/02/2027 06:08:53,0,0,,,
xn--alt,,,,PUNY_INVALID,18/01/2027 09:59:17,50,73,,,
tothrzc,,,,,15/02/2027 06:08:53,0,0,,,
advanturing,,,,,18/01/2027 09:59:17,5.111111,17,,,
thewandersmith,,,,,18/01/2027 09:59:17,1.12,4,,,
redtea,,,,,18/01/2027 09:59:17,2.46,123,,,
toxrth,,,,,15/02/2027 06:08:53,0,0,,,
thebookkeeper,,,,,18/01/2027 09:59:17,2.02,24,,,
bragie,,,,,18/01/2027 09:59:17,3,5,,,
otshrt,,,,,15/02/2027 06:08:53,0,0,,,
findsoftware,,,,,18/01/2027 09:59:17,0,2,,,
diets,,,,5L,18/01/2027 09:59:17,70.01,89,,,
worldshotz,,,,,18/01/2027 09:59:17,0,0,,,
webpic,,,,,18/01/2027 09:59:17,0,1.48,,,
rthoxt,,,,,15/02/2027 06:08:53,0,0,,,
maskall,,,,,18/01/2027 09:59:17,33,105.06,,,
throtx,,,,,15/02/2027 06:08:53,0,70.215,,,
seawisdom,,,,,18/01/2027 09:59:17,0.5111,7,,,
tothrs,,,,,15/02/2027 06:08:53,0,0,,,
7im4x4l,,,,,18/01/2027 09:59:17,3,5.51,,,
pro-justice,,,,,18/01/2027 09:59:17,0.02,13,,,
rxtho,,,,5L,15/02/2027 06:08:53,0,0,,,
hrxorh,,,,,15/02/2027 06:08:53,0,0,,,
othrxt,,,,,15/02/2027 06:08:53,0,0,,,
71maxal,,,,,18/01/2027 09:59:17,1.501,5.51,,,
trhotx,,,,,15/02/2027 06:08:53,0,0,,,
otahrz,,,,,15/02/2027 06:08:53,0,0,,,
finecoast,,,,,18/01/2027 09:59:17,0.013,4,,,
gt09,,,,4C,18/01/2027 09:59:17,0,12,,,
nftld3w,,,,,18/01/2027 09:59:17,0,127,,,
honeyisle,,,,,18/01/2027 09:59:17,0.001,14,,,
buyimage,,,,,18/01/2027 09:59:17,1.77,6,,,
australianfish,,,,,18/01/2027 09:59:17,0,14,,,
otrhxt,,,,,15/02/2027 06:08:53,0,0,,,
hroxtx,,,,,15/02/2027 06:08:53,0,0,,,
fish2fork,,,,,18/01/2027 09:59:17,0,15,,,
hnsig,,,,5L,18/01/2027 09:59:17,3,127,,,
81411,,,,5D,18/01/2027 09:59:17,3,27,,,
toztrh,,,,,15/02/2027 06:08:53,0,0,,,
ethinker,,,,,18/01/2027 09:59:17,0,2,,,
7imax4l,,,,,18/01/2027 09:59:17,0.5,5.51,,,
4dhol,,,,5C,18/01/2027 09:59:17,0,0.01,,,
0_-_0,,,,5C,18/01/2027 09:59:17,0,28,,,
skykennel,,,,,18/01/2027 09:59:17,0,4,,,
bookkeepr,,,,,18/01/2027 09:59:17,0,543,,,
crittercatcher,,,,,18/01/2027 09:59:17,0,9,,,
ultimas,,,,,18/01/2027 09:59:17,11,53,,,
nftldedo,,,,,18/01/2027 09:59:17,0,74,,,
htzrot,,,,,15/02/2027 06:08:53,0,0,,,
timaxal,,,,,18/01/2027 09:59:17,4,132,,,
ximages,,,,,18/01/2027 09:59:17,301,513,,,
hurrikkane,,,,,18/01/2027 09:59:17,0,2,,,
m1108,,,,5C,18/01/2027 09:59:17,0,27,,,
printshare,,,,,18/01/2027 09:59:17,0,0,,,
benegligent,,,,,18/01/2027 09:59:17,0,1,,,
jewlerydesigner,,,,,18/01/2027 09:59:17,0,3,,,
nofoto,,,,,18/01/2027 09:59:17,2.1,12.2,,,
bookkeper,,,,,18/01/2027 09:59:17,0,0.4,,,
thzrot,,,,,15/02/2027 06:08:53,0,0,,,
thedarwin,,,,,18/01/2027 09:59:17,0,4,,,
htxort,,,,,15/02/2027 06:08:53,0,0,,,
somewon,,,,,18/01/2027 09:59:17,0,21,,,
hnsii,,,,5L,18/01/2027 09:59:17,7,12.5,,,
973fpi,,,,,18/01/2027 09:59:17,0,90,,,
otzrth,,,,,15/02/2027 06:08:53,0,0,,,
pixious,,,,,18/01/2027 09:59:17,0,0.41,,,
08qr,,,,4C,18/01/2027 09:59:17,0.5,1,,,
hnsmarkt,,,,,18/01/2027 09:59:17,0,4,,,
rxlucky,,,,,18/01/2027 09:59:17,1,3,,,
htorzt,,,,,15/02/2027 06:08:53,0,0,,,
idealwish,,,,,18/01/2027 09:59:17,1.111,4,,,
htzotr,,,,,15/02/2027 06:08:53,0,0,,,
autismjob,,,,,18/01/2027 09:59:17,0,4,,,
71410,,,,5D,18/01/2027 09:59:17,0.1,23,,,
tozthr,,,,,15/02/2027 06:08:53,0,0,,,
pxau,,,,4L,18/01/2027 09:59:17,0,0.5,,,
mugsmug,,,,,18/01/2027 09:59:17,0.38,7,,,
rxtoh,,,,5L,15/02/2027 06:08:53,0,0,,,
woodsy,,,,,18/01/2027 09:59:17,0.41,21,,,
nabonline,,,,,18/01/2027 09:59:17,0.24,14,,,
yourts,,,,,18/01/2027 09:59:17,0.3,4,,,
fotwograf,,,,,18/01/2027 09:59:17,0,1.01,,,
orhtz,,,,5L,15/02/2027 06:08:53,0,0,,,
anaglyph,,,,,18/01/2027 09:59:17,2.98,10,,,
brainwrite,,,,,18/01/2027 09:59:17,0.5,4,,,
sxau,,,,4L,18/01/2027 09:59:17,252,576,,,
navychief,,,,,18/01/2027 09:59:17,0.05,17,,,
mxlist,,,,,18/01/2027 09:59:17,0,14,,,
deadlyflora,,,,,18/01/2027 09:59:17,0,0.12,,,
goldwithdiamonds,,,,,18/01/2027 09:59:17,1.91,3,,,
roadtripping,,,,,18/01/2027 09:59:17,0.31,7,,,
tozhrt,,,,,15/02/2027 06:08:53,0,0,,,
critterfest,,,,,18/01/2027 09:59:17,0,6,,,
caminas,,,,,18/01/2027 09:59:17,0.4,5,,,
aushaker,,,,,18/01/2027 09:59:17,0,165,,,
attenday,,,,,18/01/2027 09:59:17,0.36,4,,,
rxoth,,,,5L,15/02/2027 06:08:53,0,0,,,
rztoh,,,,5L,15/02/2027 06:08:53,0,0,,,
themag,,,,,18/01/2027 09:59:17,3.78,157,,,
rthxo,,,,5L,15/02/2027 06:08:53,0,0,,,
hrztoh,,,,,15/02/2027 06:08:53,0,0,,,
orztht,,,,,15/02/2027 06:08:53,0,0,,,
thrtzo,,,,,15/02/2027 06:08:53,0,0,,,
birdz,,,,5L,18/01/2027 09:59:17,3.02,236,,,
gemmastar,,,,,18/01/2027 09:59:17,1.1,17,,,
888crypto,,,,,18/01/2027 09:59:17,12,253,,,
tennisresults,,,,,18/01/2027 09:59:17,0,4,,,
othrz,,,,5L,15/02/2027 06:08:53,0,0,,,
markyeh,,,,,18/01/2027 09:59:17,1.45,3,,,
553rdd4,,,,,18/01/2027 09:59:17,4,27,,,
thrtso,,,,,15/02/2027 06:08:53,0,0,,,
kingaroo,,,,,18/01/2027 09:59:17,0.55,3,,,
hnsiv,,,,5L,18/01/2027 09:59:17,3,12.5,,,
mainsheet,,,,,18/01/2027 09:59:17,1.41,5,,,
lasfotos,,,,,18/01/2027 09:59:17,25,765,,,
chadsworth,,,,,18/01/2027 09:59:17,1.13,7,,,
3dblok,,,,,18/01/2027 09:59:17,0,1,,,
zentao,,,,,18/01/2027 09:59:17,2.49,173,,,
hrthso,,,,,15/02/2027 06:08:53,0,0,,,
onlymarine,,,,,18/01/2027 09:59:17,0.5111,7,,,
otsrht,,,,,15/02/2027 06:08:53,0,0,,,
eatsleepwork,,,,,18/01/2027 09:59:17,0.45,14,,,
puddlepirate,,,,,18/01/2027 09:59:17,0,4,,,
photowonder,,,,,18/01/2027 09:59:17,0,14,,,
deathquotes,,,,,18/01/2027 09:59:17,0,14,,,
gemhunt,,,,,18/01/2027 09:59:17,1,6.5,,,
rstoh,,,,5L,15/02/2027 06:08:53,0,0,,,
htztro,,,,,15/02/2027 06:08:53,0,0,,,
hnsite,,,,,18/01/2027 09:59:17,100,400,,,
sushiforyou,,,,,18/01/2027 09:59:17,0,4,,,
trthzo,,,,,15/02/2027 06:08:53,0,0,,,
officerondeck,,,,,18/01/2027 09:59:17,0,4,,,
hrzhot,,,,,15/02/2027 06:08:53,0,0,,,
truthpulse,,,,,18/01/2027 09:59:17,0.5,7,,,
17169,,,,5D,18/01/2027 09:59:17,6.9,43,,,
throxt,,,,,15/02/2027 06:08:53,0,0,,,
torhzt,,,,,15/02/2027 06:08:53,0,0,,,
tozhtr,,,,,15/02/2027 06:08:53,0,0,,,
proliberty,,,,,18/01/2027 09:59:17,0,3,,,
tosthr,,,,,15/02/2027 06:08:53,0,0,,,
bengazi,,,,,18/01/2027 09:59:17,1.010001,4,,,
farmcritters,,,,,18/01/2027 09:59:17,0,26,,,
digiwarz,,,,,18/01/2027 09:59:17,0.28,12,,,
alhub,,,,5L,18/01/2027 09:59:17,1.010001,37,,,
1june,,,,5C,18/01/2027 09:59:17,5,10.00003,,,
thsrot,,,,,15/02/2027 06:08:53,0,0,,,
seaphase,,,,,18/01/2027 09:59:17,0,14,,,
goldgems,,,,,18/01/2027 09:59:17,0,25,,,
thefuneral,,,,,18/01/2027 09:59:17,0,14,,,
91703,,,,5D,18/01/2027 09:59:17,0.4,46,,,
sandheaver,,,,,18/01/2027 09:59:17,10,17,,,
hnsaussie,,,,,18/01/2027 09:59:17,0,97,,,
foreal,,,,,07/02/2027 03:30:29,8,35,,,
mwdt,,,,4L,18/01/2027 09:59:17,0,0,,,
katyina,,,,,18/01/2027 09:59:17,0,14,,,
xfartx,,,,,18/01/2027 09:59:17,0,3,,,
tldedo,,,,,18/01/2027 09:59:17,0,35,,,
thxrto,,,,,15/02/2027 06:08:53,0,0,,,
hnsia,,,,5L,18/01/2027 09:59:17,100.41,127,,,
timecrazy,,,,,18/01/2027 09:59:17,0,4,,,
hnsik,,,,5L,18/01/2027 09:59:17,3,12.5,,,
cameraftp,,,,,18/01/2027 09:59:17,0,0.4,,,
ihnsi,,,,5L,18/01/2027 09:59:17,3,12.5,,,
finessefishing,,,,,18/01/2027 09:59:17,0,1,,,
alphapetz,,,,,18/01/2027 09:59:17,1.13,17,,,
cuevo,,,,5L,18/01/2027 09:59:17,0,5,,,
otsthr,,,,,15/02/2027 06:08:53,0,0,,,
catsstore,,,,,18/01/2027 09:59:17,0,3,,,
regishake,,,,,18/01/2027 09:59:17,0,1,,,
cattricks,,,,,18/01/2027 09:59:17,0,24,,,
gt03,,,,4C,18/01/2027 09:59:17,0,22,,,
killbabykillers,,,,,18/01/2027 09:59:17,1,3,,,
thugninja,,,,,18/01/2027 09:59:17,0.005,4,,,
trstoh,,,,,15/02/2027 06:08:53,0,0,,,
brendangeorge,,,,,18/01/2027 09:59:17,1.01,56,,,
tohrxt,,,,,15/02/2027 06:08:53,0,0,,,
41071,,,,5D,18/01/2027 09:59:17,0.4,37,,,
evolvetoday,,,,,18/01/2027 09:59:17,0.37,7,,,
alienshrooms,,,,,18/01/2027 09:59:17,1.3,4,,,
111408,,,,6D,18/01/2027 09:59:17,11,32,,,
allthetim,,,,,18/01/2027 09:59:17,0,7.9,,,
n-e-w-s,,,,,18/01/2027 09:59:17,0.45,33,,,
t1m4x4l,,,,,18/01/2027 09:59:17,0,4,,,
n-e-w,,,,5C,18/01/2027 09:59:17,0.45,13,,,
imjj,,,,4L,18/01/2027 09:59:17,19,27,,,
pro-equity,,,,,18/01/2027 09:59:17,0,3,,,
throzt,,,,,15/02/2027 06:08:53,0,0,,,
earthflora,,,,,18/01/2027 09:59:17,0.02,14,,,
bloodynora,,,,,18/01/2027 09:59:17,0.75,3,,,
compostheap,,,,,18/01/2027 09:59:17,0,3,,,
chainown,,,,,18/01/2027 09:59:17,1.99,6.1,,,
3ddev,,,,5C,18/01/2027 09:59:17,0,4,,,
rhtoxt,,,,,15/02/2027 06:08:53,0,0,,,
rshto,,,,5L,15/02/2027 06:08:53,0,0,,,
grafi,,,,5L,18/01/2027 09:59:17,6.001,172,,,
birthnumber,,,,,18/01/2027 09:59:17,0,3,,,
sushiroom,,,,,18/01/2027 09:59:17,0,2,,,
foodietv,,,,,18/01/2027 09:59:17,0.11,2,,,
carimages,,,,,18/01/2027 09:59:17,0,14,,,
killcommies,,,,,18/01/2027 09:59:17,0,13,,,
tockphoto,,,,,18/01/2027 09:59:17,0,24,,,s.tockphoto
rhtxo,,,,5L,15/02/2027 06:08:53,0,0,,,
thsort,,,,,15/02/2027 06:08:53,0,0,,,
torhxt,,,,,15/02/2027 06:08:53,0,0,,,
maryf,,,,5L,18/01/2027 09:59:17,0.99,30,,,
